"source","target","correlation","direct","cor"
"ASV_24","ASV_7",0.828571428571429,"undirected","+"
"ASV_19","ASV_7",-0.885714285714286,"undirected","-"
"ASV_18","ASV_7",-0.828571428571429,"undirected","-"
"ASV_29","ASV_7",0.942857142857143,"undirected","+"
"ASV_39","ASV_7",0.828571428571429,"undirected","+"
"ASV_44","ASV_7",0.942857142857143,"undirected","+"
"ASV_33","ASV_7",-0.828571428571429,"undirected","-"
"ASV_56","ASV_7",0.942857142857143,"undirected","+"
"ASV_32","ASV_7",-0.885714285714286,"undirected","-"
"ASV_62","ASV_7",1,"undirected","+"
"ASV_60","ASV_7",0.942857142857143,"undirected","+"
"ASV_48","ASV_7",0.942857142857143,"undirected","+"
"ASV_88","ASV_7",-0.828571428571429,"undirected","-"
"ASV_96","ASV_7",0.942857142857143,"undirected","+"
"ASV_43","ASV_7",-0.885714285714286,"undirected","-"
"ASV_105","ASV_7",0.828571428571429,"undirected","+"
"ASV_87","ASV_7",0.942857142857143,"undirected","+"
"ASV_104","ASV_7",0.828571428571429,"undirected","+"
"ASV_97","ASV_7",0.828571428571429,"undirected","+"
"ASV_55","ASV_7",0.942857142857143,"undirected","+"
"ASV_76","ASV_7",0.942857142857143,"undirected","+"
"ASV_66","ASV_7",-0.885714285714286,"undirected","-"
"ASV_90","ASV_7",0.927633657043918,"undirected","+"
"ASV_101","ASV_7",-0.828571428571429,"undirected","-"
"ASV_129","ASV_7",0.885714285714286,"undirected","+"
"ASV_89","ASV_7",-0.942857142857143,"undirected","-"
"ASV_86","ASV_7",-0.885714285714286,"undirected","-"
"ASV_122","ASV_7",-0.828571428571429,"undirected","-"
"ASV_151","ASV_7",-0.828571428571429,"undirected","-"
"ASV_157","ASV_7",0.885714285714286,"undirected","+"
"ASV_184","ASV_7",0.811679449913428,"undirected","+"
"ASV_190","ASV_7",0.828571428571429,"undirected","+"
"ASV_189","ASV_7",0.828571428571429,"undirected","+"
"ASV_148","ASV_7",-0.828571428571429,"undirected","-"
"ASV_67","ASV_7",0.828571428571429,"undirected","+"
"ASV_142","ASV_7",-0.885714285714286,"undirected","-"
"ASV_128","ASV_7",-0.84066800169605,"undirected","-"
"ASV_224","ASV_7",-1,"undirected","-"
"ASV_282","ASV_7",0.885714285714286,"undirected","+"
"ASV_179","ASV_7",0.885714285714286,"undirected","+"
"ASV_312","ASV_7",0.84066800169605,"undirected","+"
"ASV_7","ASV_62",1,"undirected","+"
"ASV_60","ASV_62",0.942857142857143,"undirected","+"
"ASV_48","ASV_62",0.942857142857143,"undirected","+"
"ASV_88","ASV_62",-0.828571428571429,"undirected","-"
"ASV_96","ASV_62",0.942857142857143,"undirected","+"
"ASV_43","ASV_62",-0.885714285714286,"undirected","-"
"ASV_105","ASV_62",0.828571428571429,"undirected","+"
"ASV_87","ASV_62",0.942857142857143,"undirected","+"
"ASV_104","ASV_62",0.828571428571429,"undirected","+"
"ASV_97","ASV_62",0.828571428571429,"undirected","+"
"ASV_55","ASV_62",0.942857142857143,"undirected","+"
"ASV_76","ASV_62",0.942857142857143,"undirected","+"
"ASV_66","ASV_62",-0.885714285714286,"undirected","-"
"ASV_90","ASV_62",0.927633657043918,"undirected","+"
"ASV_101","ASV_62",-0.828571428571429,"undirected","-"
"ASV_129","ASV_62",0.885714285714286,"undirected","+"
"ASV_89","ASV_62",-0.942857142857143,"undirected","-"
"ASV_86","ASV_62",-0.885714285714286,"undirected","-"
"ASV_122","ASV_62",-0.828571428571429,"undirected","-"
"ASV_151","ASV_62",-0.828571428571429,"undirected","-"
"ASV_157","ASV_62",0.885714285714286,"undirected","+"
"ASV_184","ASV_62",0.811679449913428,"undirected","+"
"ASV_190","ASV_62",0.828571428571429,"undirected","+"
"ASV_189","ASV_62",0.828571428571429,"undirected","+"
"ASV_148","ASV_62",-0.828571428571429,"undirected","-"
"ASV_67","ASV_62",0.828571428571429,"undirected","+"
"ASV_142","ASV_62",-0.885714285714286,"undirected","-"
"ASV_128","ASV_62",-0.84066800169605,"undirected","-"
"ASV_224","ASV_62",-1,"undirected","-"
"ASV_282","ASV_62",0.885714285714286,"undirected","+"
"ASV_179","ASV_62",0.885714285714286,"undirected","+"
"ASV_312","ASV_62",0.84066800169605,"undirected","+"
"ASV_7","ASV_224",-1,"undirected","-"
"ASV_62","ASV_224",-1,"undirected","-"
"ASV_282","ASV_224",-0.885714285714286,"undirected","-"
"ASV_179","ASV_224",-0.885714285714286,"undirected","-"
"ASV_312","ASV_224",-0.84066800169605,"undirected","-"
"ASV_104","ASV_87",0.942857142857143,"undirected","+"
"ASV_55","ASV_87",1,"undirected","+"
"ASV_78","ASV_87",-0.828571428571429,"undirected","-"
"ASV_77","ASV_87",-0.853310335187925,"undirected","-"
"ASV_76","ASV_87",0.885714285714286,"undirected","+"
"ASV_110","ASV_87",0.885714285714286,"undirected","+"
"ASV_66","ASV_87",-0.828571428571429,"undirected","-"
"ASV_90","ASV_87",0.811679449913428,"undirected","+"
"ASV_129","ASV_87",0.942857142857143,"undirected","+"
"ASV_89","ASV_87",-0.885714285714286,"undirected","-"
"ASV_86","ASV_87",-0.828571428571429,"undirected","-"
"ASV_151","ASV_87",-0.885714285714286,"undirected","-"
"ASV_93","ASV_87",0.828571428571429,"undirected","+"
"ASV_67","ASV_87",0.942857142857143,"undirected","+"
"ASV_237","ASV_87",-0.828571428571429,"undirected","-"
"ASV_128","ASV_87",-0.927633657043918,"undirected","-"
"ASV_224","ASV_87",-0.942857142857143,"undirected","-"
"ASV_282","ASV_87",0.828571428571429,"undirected","+"
"ASV_87","ASV_55",1,"undirected","+"
"ASV_78","ASV_55",-0.828571428571429,"undirected","-"
"ASV_77","ASV_55",-0.853310335187925,"undirected","-"
"ASV_76","ASV_55",0.885714285714286,"undirected","+"
"ASV_110","ASV_55",0.885714285714286,"undirected","+"
"ASV_66","ASV_55",-0.828571428571429,"undirected","-"
"ASV_90","ASV_55",0.811679449913428,"undirected","+"
"ASV_129","ASV_55",0.942857142857143,"undirected","+"
"ASV_89","ASV_55",-0.885714285714286,"undirected","-"
"ASV_86","ASV_55",-0.828571428571429,"undirected","-"
"ASV_151","ASV_55",-0.885714285714286,"undirected","-"
"ASV_93","ASV_55",0.828571428571429,"undirected","+"
"ASV_67","ASV_55",0.942857142857143,"undirected","+"
"ASV_237","ASV_55",-0.828571428571429,"undirected","-"
"ASV_128","ASV_55",-0.927633657043918,"undirected","-"
"ASV_224","ASV_55",-0.942857142857143,"undirected","-"
"ASV_282","ASV_55",0.828571428571429,"undirected","+"
"ASV_20","ASV_29",-0.885714285714286,"undirected","-"
"ASV_44","ASV_29",0.828571428571429,"undirected","+"
"ASV_56","ASV_29",0.828571428571429,"undirected","+"
"ASV_62","ASV_29",0.942857142857143,"undirected","+"
"ASV_60","ASV_29",0.828571428571429,"undirected","+"
"ASV_63","ASV_29",0.885714285714286,"undirected","+"
"ASV_48","ASV_29",0.885714285714286,"undirected","+"
"ASV_57","ASV_29",0.828571428571429,"undirected","+"
"ASV_96","ASV_29",0.885714285714286,"undirected","+"
"ASV_43","ASV_29",-0.828571428571429,"undirected","-"
"ASV_87","ASV_29",0.885714285714286,"undirected","+"
"ASV_97","ASV_29",0.942857142857143,"undirected","+"
"ASV_55","ASV_29",0.885714285714286,"undirected","+"
"ASV_78","ASV_29",-0.828571428571429,"undirected","-"
"ASV_77","ASV_29",-0.88273482950475,"undirected","-"
"ASV_76","ASV_29",0.885714285714286,"undirected","+"
"ASV_66","ASV_29",-0.942857142857143,"undirected","-"
"ASV_115","ASV_29",-0.828571428571429,"undirected","-"
"ASV_108","ASV_29",0.828571428571429,"undirected","+"
"ASV_129","ASV_29",0.828571428571429,"undirected","+"
"ASV_140","ASV_29",0.828571428571429,"undirected","+"
"ASV_89","ASV_29",-0.828571428571429,"undirected","-"
"ASV_86","ASV_29",-0.942857142857143,"undirected","-"
"ASV_151","ASV_29",-0.885714285714286,"undirected","-"
"ASV_190","ASV_29",0.942857142857143,"undirected","+"
"ASV_189","ASV_29",0.942857142857143,"undirected","+"
"ASV_158","ASV_29",-0.828571428571429,"undirected","-"
"ASV_220","ASV_29",0.828571428571429,"undirected","+"
"ASV_224","ASV_29",-0.942857142857143,"undirected","-"
"ASV_282","ASV_29",0.942857142857143,"undirected","+"
"ASV_130","ASV_90",-0.84066800169605,"undirected","-"
"ASV_89","ASV_90",-0.927633657043918,"undirected","-"
"ASV_147","ASV_90",-0.811679449913428,"undirected","-"
"ASV_122","ASV_90",-0.898645105261295,"undirected","-"
"ASV_157","ASV_90",0.898645105261295,"undirected","+"
"ASV_155","ASV_90",-0.84066800169605,"undirected","-"
"ASV_135","ASV_90",-0.811679449913428,"undirected","-"
"ASV_142","ASV_90",-0.985610760609162,"undirected","-"
"ASV_224","ASV_90",-0.927633657043918,"undirected","-"
"ASV_179","ASV_90",0.898645105261295,"undirected","+"
"ASV_312","ASV_90",0.970588235294118,"undirected","+"
"ASV_96","ASV_48",1,"undirected","+"
"ASV_43","ASV_48",-0.942857142857143,"undirected","-"
"ASV_87","ASV_48",0.885714285714286,"undirected","+"
"ASV_55","ASV_48",0.885714285714286,"undirected","+"
"ASV_81","ASV_48",0.828571428571429,"undirected","+"
"ASV_76","ASV_48",1,"undirected","+"
"ASV_66","ASV_48",-0.942857142857143,"undirected","-"
"ASV_90","ASV_48",0.84066800169605,"undirected","+"
"ASV_101","ASV_48",-0.942857142857143,"undirected","-"
"ASV_129","ASV_48",0.942857142857143,"undirected","+"
"ASV_89","ASV_48",-0.828571428571429,"undirected","-"
"ASV_86","ASV_48",-0.942857142857143,"undirected","-"
"ASV_151","ASV_48",-0.885714285714286,"undirected","-"
"ASV_157","ASV_48",0.942857142857143,"undirected","+"
"ASV_184","ASV_48",0.811679449913428,"undirected","+"
"ASV_93","ASV_48",0.885714285714286,"undirected","+"
"ASV_224","ASV_48",-0.942857142857143,"undirected","-"
"ASV_282","ASV_48",0.942857142857143,"undirected","+"
"ASV_179","ASV_48",0.942857142857143,"undirected","+"
"ASV_48","ASV_96",1,"undirected","+"
"ASV_43","ASV_96",-0.942857142857143,"undirected","-"
"ASV_87","ASV_96",0.885714285714286,"undirected","+"
"ASV_55","ASV_96",0.885714285714286,"undirected","+"
"ASV_81","ASV_96",0.828571428571429,"undirected","+"
"ASV_76","ASV_96",1,"undirected","+"
"ASV_66","ASV_96",-0.942857142857143,"undirected","-"
"ASV_90","ASV_96",0.84066800169605,"undirected","+"
"ASV_101","ASV_96",-0.942857142857143,"undirected","-"
"ASV_129","ASV_96",0.942857142857143,"undirected","+"
"ASV_89","ASV_96",-0.828571428571429,"undirected","-"
"ASV_86","ASV_96",-0.942857142857143,"undirected","-"
"ASV_151","ASV_96",-0.885714285714286,"undirected","-"
"ASV_157","ASV_96",0.942857142857143,"undirected","+"
"ASV_184","ASV_96",0.811679449913428,"undirected","+"
"ASV_93","ASV_96",0.885714285714286,"undirected","+"
"ASV_224","ASV_96",-0.942857142857143,"undirected","-"
"ASV_282","ASV_96",0.942857142857143,"undirected","+"
"ASV_179","ASV_96",0.942857142857143,"undirected","+"
"ASV_48","ASV_76",1,"undirected","+"
"ASV_96","ASV_76",1,"undirected","+"
"ASV_66","ASV_76",-0.942857142857143,"undirected","-"
"ASV_90","ASV_76",0.84066800169605,"undirected","+"
"ASV_101","ASV_76",-0.942857142857143,"undirected","-"
"ASV_129","ASV_76",0.942857142857143,"undirected","+"
"ASV_89","ASV_76",-0.828571428571429,"undirected","-"
"ASV_86","ASV_76",-0.942857142857143,"undirected","-"
"ASV_151","ASV_76",-0.885714285714286,"undirected","-"
"ASV_157","ASV_76",0.942857142857143,"undirected","+"
"ASV_184","ASV_76",0.811679449913428,"undirected","+"
"ASV_93","ASV_76",0.885714285714286,"undirected","+"
"ASV_224","ASV_76",-0.942857142857143,"undirected","-"
"ASV_282","ASV_76",0.942857142857143,"undirected","+"
"ASV_179","ASV_76",0.942857142857143,"undirected","+"
"ASV_144","ASV_142",-0.828571428571429,"undirected","-"
"ASV_165","ASV_142",0.828571428571429,"undirected","+"
"ASV_128","ASV_142",0.811679449913428,"undirected","+"
"ASV_224","ASV_142",0.885714285714286,"undirected","+"
"ASV_179","ASV_142",-0.828571428571429,"undirected","-"
"ASV_312","ASV_142",-0.985610760609162,"undirected","-"
"ASV_10","ASV_3",0.942857142857143,"undirected","+"
"ASV_7","ASV_3",0.942857142857143,"undirected","+"
"ASV_14","ASV_3",0.885714285714286,"undirected","+"
"ASV_29","ASV_3",0.828571428571429,"undirected","+"
"ASV_39","ASV_3",0.942857142857143,"undirected","+"
"ASV_44","ASV_3",0.885714285714286,"undirected","+"
"ASV_21","ASV_3",-0.828571428571429,"undirected","-"
"ASV_56","ASV_3",1,"undirected","+"
"ASV_32","ASV_3",-0.942857142857143,"undirected","-"
"ASV_62","ASV_3",0.942857142857143,"undirected","+"
"ASV_60","ASV_3",1,"undirected","+"
"ASV_48","ASV_3",0.828571428571429,"undirected","+"
"ASV_96","ASV_3",0.828571428571429,"undirected","+"
"ASV_105","ASV_3",0.942857142857143,"undirected","+"
"ASV_87","ASV_3",0.885714285714286,"undirected","+"
"ASV_55","ASV_3",0.885714285714286,"undirected","+"
"ASV_114","ASV_3",0.828571428571429,"undirected","+"
"ASV_81","ASV_3",0.828571428571429,"undirected","+"
"ASV_76","ASV_3",0.828571428571429,"undirected","+"
"ASV_110","ASV_3",0.828571428571429,"undirected","+"
"ASV_90","ASV_3",0.927633657043918,"undirected","+"
"ASV_140","ASV_3",0.828571428571429,"undirected","+"
"ASV_89","ASV_3",-1,"undirected","-"
"ASV_184","ASV_3",0.898645105261295,"undirected","+"
"ASV_192","ASV_3",0.828571428571429,"undirected","+"
"ASV_148","ASV_3",-0.942857142857143,"undirected","-"
"ASV_142","ASV_3",-0.942857142857143,"undirected","-"
"ASV_128","ASV_3",-0.898645105261295,"undirected","-"
"ASV_224","ASV_3",-0.942857142857143,"undirected","-"
"ASV_312","ASV_3",0.898645105261295,"undirected","+"
"ASV_3","ASV_56",1,"undirected","+"
"ASV_32","ASV_56",-0.942857142857143,"undirected","-"
"ASV_62","ASV_56",0.942857142857143,"undirected","+"
"ASV_60","ASV_56",1,"undirected","+"
"ASV_48","ASV_56",0.828571428571429,"undirected","+"
"ASV_96","ASV_56",0.828571428571429,"undirected","+"
"ASV_105","ASV_56",0.942857142857143,"undirected","+"
"ASV_87","ASV_56",0.885714285714286,"undirected","+"
"ASV_55","ASV_56",0.885714285714286,"undirected","+"
"ASV_114","ASV_56",0.828571428571429,"undirected","+"
"ASV_81","ASV_56",0.828571428571429,"undirected","+"
"ASV_76","ASV_56",0.828571428571429,"undirected","+"
"ASV_110","ASV_56",0.828571428571429,"undirected","+"
"ASV_90","ASV_56",0.927633657043918,"undirected","+"
"ASV_140","ASV_56",0.828571428571429,"undirected","+"
"ASV_89","ASV_56",-1,"undirected","-"
"ASV_184","ASV_56",0.898645105261295,"undirected","+"
"ASV_192","ASV_56",0.828571428571429,"undirected","+"
"ASV_148","ASV_56",-0.942857142857143,"undirected","-"
"ASV_142","ASV_56",-0.942857142857143,"undirected","-"
"ASV_128","ASV_56",-0.898645105261295,"undirected","-"
"ASV_224","ASV_56",-0.942857142857143,"undirected","-"
"ASV_312","ASV_56",0.898645105261295,"undirected","+"
"ASV_3","ASV_60",1,"undirected","+"
"ASV_56","ASV_60",1,"undirected","+"
"ASV_48","ASV_60",0.828571428571429,"undirected","+"
"ASV_96","ASV_60",0.828571428571429,"undirected","+"
"ASV_105","ASV_60",0.942857142857143,"undirected","+"
"ASV_87","ASV_60",0.885714285714286,"undirected","+"
"ASV_55","ASV_60",0.885714285714286,"undirected","+"
"ASV_114","ASV_60",0.828571428571429,"undirected","+"
"ASV_81","ASV_60",0.828571428571429,"undirected","+"
"ASV_76","ASV_60",0.828571428571429,"undirected","+"
"ASV_110","ASV_60",0.828571428571429,"undirected","+"
"ASV_90","ASV_60",0.927633657043918,"undirected","+"
"ASV_140","ASV_60",0.828571428571429,"undirected","+"
"ASV_89","ASV_60",-1,"undirected","-"
"ASV_184","ASV_60",0.898645105261295,"undirected","+"
"ASV_192","ASV_60",0.828571428571429,"undirected","+"
"ASV_148","ASV_60",-0.942857142857143,"undirected","-"
"ASV_142","ASV_60",-0.942857142857143,"undirected","-"
"ASV_128","ASV_60",-0.898645105261295,"undirected","-"
"ASV_224","ASV_60",-0.942857142857143,"undirected","-"
"ASV_312","ASV_60",0.898645105261295,"undirected","+"
"ASV_3","ASV_89",-1,"undirected","-"
"ASV_56","ASV_89",-1,"undirected","-"
"ASV_60","ASV_89",-1,"undirected","-"
"ASV_184","ASV_89",-0.898645105261295,"undirected","-"
"ASV_192","ASV_89",-0.828571428571429,"undirected","-"
"ASV_148","ASV_89",0.942857142857143,"undirected","+"
"ASV_142","ASV_89",0.942857142857143,"undirected","+"
"ASV_128","ASV_89",0.898645105261295,"undirected","+"
"ASV_224","ASV_89",0.942857142857143,"undirected","+"
"ASV_312","ASV_89",-0.898645105261295,"undirected","-"
"ASV_2","ASV_44",1,"undirected","+"
"ASV_56","ASV_44",0.885714285714286,"undirected","+"
"ASV_62","ASV_44",0.942857142857143,"undirected","+"
"ASV_60","ASV_44",0.885714285714286,"undirected","+"
"ASV_48","ASV_44",0.885714285714286,"undirected","+"
"ASV_88","ASV_44",-0.942857142857143,"undirected","-"
"ASV_71","ASV_44",0.828571428571429,"undirected","+"
"ASV_96","ASV_44",0.885714285714286,"undirected","+"
"ASV_87","ASV_44",0.828571428571429,"undirected","+"
"ASV_55","ASV_44",0.828571428571429,"undirected","+"
"ASV_114","ASV_44",0.885714285714286,"undirected","+"
"ASV_76","ASV_44",0.885714285714286,"undirected","+"
"ASV_115","ASV_44",-0.828571428571429,"undirected","-"
"ASV_90","ASV_44",0.985610760609162,"undirected","+"
"ASV_108","ASV_44",0.828571428571429,"undirected","+"
"ASV_130","ASV_44",-0.885714285714286,"undirected","-"
"ASV_89","ASV_44",-0.885714285714286,"undirected","-"
"ASV_122","ASV_44",-0.942857142857143,"undirected","-"
"ASV_157","ASV_44",0.942857142857143,"undirected","+"
"ASV_135","ASV_44",-0.828571428571429,"undirected","-"
"ASV_142","ASV_44",-0.942857142857143,"undirected","-"
"ASV_220","ASV_44",0.828571428571429,"undirected","+"
"ASV_224","ASV_44",-0.942857142857143,"undirected","-"
"ASV_179","ASV_44",0.942857142857143,"undirected","+"
"ASV_312","ASV_44",0.927633657043918,"undirected","+"
"ASV_87","ASV_43",-0.942857142857143,"undirected","-"
"ASV_104","ASV_43",-0.885714285714286,"undirected","-"
"ASV_55","ASV_43",-0.942857142857143,"undirected","-"
"ASV_76","ASV_43",-0.942857142857143,"undirected","-"
"ASV_132","ASV_43",-0.828571428571429,"undirected","-"
"ASV_66","ASV_43",0.885714285714286,"undirected","+"
"ASV_101","ASV_43",0.885714285714286,"undirected","+"
"ASV_129","ASV_43",-1,"undirected","-"
"ASV_86","ASV_43",0.885714285714286,"undirected","+"
"ASV_151","ASV_43",0.942857142857143,"undirected","+"
"ASV_157","ASV_43",-0.828571428571429,"undirected","-"
"ASV_93","ASV_43",-0.942857142857143,"undirected","-"
"ASV_67","ASV_43",-0.885714285714286,"undirected","-"
"ASV_128","ASV_43",0.811679449913428,"undirected","+"
"ASV_224","ASV_43",0.885714285714286,"undirected","+"
"ASV_282","ASV_43",-0.885714285714286,"undirected","-"
"ASV_179","ASV_43",-0.828571428571429,"undirected","-"
"ASV_43","ASV_129",-1,"undirected","-"
"ASV_86","ASV_129",-0.885714285714286,"undirected","-"
"ASV_151","ASV_129",-0.942857142857143,"undirected","-"
"ASV_157","ASV_129",0.828571428571429,"undirected","+"
"ASV_93","ASV_129",0.942857142857143,"undirected","+"
"ASV_67","ASV_129",0.885714285714286,"undirected","+"
"ASV_128","ASV_129",-0.811679449913428,"undirected","-"
"ASV_224","ASV_129",-0.885714285714286,"undirected","-"
"ASV_282","ASV_129",0.885714285714286,"undirected","+"
"ASV_179","ASV_129",0.828571428571429,"undirected","+"
"ASV_224","ASV_128",0.84066800169605,"undirected","+"
"ASV_312","ASV_128",-0.823529411764706,"undirected","-"
"ASV_3","ASV_2",0.885714285714286,"undirected","+"
"ASV_7","ASV_2",0.942857142857143,"undirected","+"
"ASV_9","ASV_2",-0.828571428571429,"undirected","-"
"ASV_19","ASV_2",-0.942857142857143,"undirected","-"
"ASV_29","ASV_2",0.828571428571429,"undirected","+"
"ASV_44","ASV_2",1,"undirected","+"
"ASV_56","ASV_2",0.885714285714286,"undirected","+"
"ASV_62","ASV_2",0.942857142857143,"undirected","+"
"ASV_60","ASV_2",0.885714285714286,"undirected","+"
"ASV_48","ASV_2",0.885714285714286,"undirected","+"
"ASV_88","ASV_2",-0.942857142857143,"undirected","-"
"ASV_71","ASV_2",0.828571428571429,"undirected","+"
"ASV_96","ASV_2",0.885714285714286,"undirected","+"
"ASV_87","ASV_2",0.828571428571429,"undirected","+"
"ASV_55","ASV_2",0.828571428571429,"undirected","+"
"ASV_114","ASV_2",0.885714285714286,"undirected","+"
"ASV_76","ASV_2",0.885714285714286,"undirected","+"
"ASV_115","ASV_2",-0.828571428571429,"undirected","-"
"ASV_90","ASV_2",0.985610760609162,"undirected","+"
"ASV_108","ASV_2",0.828571428571429,"undirected","+"
"ASV_130","ASV_2",-0.885714285714286,"undirected","-"
"ASV_89","ASV_2",-0.885714285714286,"undirected","-"
"ASV_122","ASV_2",-0.942857142857143,"undirected","-"
"ASV_157","ASV_2",0.942857142857143,"undirected","+"
"ASV_135","ASV_2",-0.828571428571429,"undirected","-"
"ASV_142","ASV_2",-0.942857142857143,"undirected","-"
"ASV_220","ASV_2",0.828571428571429,"undirected","+"
"ASV_224","ASV_2",-0.942857142857143,"undirected","-"
"ASV_179","ASV_2",0.942857142857143,"undirected","+"
"ASV_312","ASV_2",0.927633657043918,"undirected","+"
"ASV_7","ASV_10",0.885714285714286,"undirected","+"
"ASV_14","ASV_10",0.942857142857143,"undirected","+"
"ASV_39","ASV_10",0.885714285714286,"undirected","+"
"ASV_33","ASV_10",-0.885714285714286,"undirected","-"
"ASV_56","ASV_10",0.942857142857143,"undirected","+"
"ASV_32","ASV_10",-1,"undirected","-"
"ASV_62","ASV_10",0.885714285714286,"undirected","+"
"ASV_60","ASV_10",0.942857142857143,"undirected","+"
"ASV_64","ASV_10",0.828571428571429,"undirected","+"
"ASV_43","ASV_10",-0.828571428571429,"undirected","-"
"ASV_105","ASV_10",0.885714285714286,"undirected","+"
"ASV_87","ASV_10",0.942857142857143,"undirected","+"
"ASV_104","ASV_10",0.885714285714286,"undirected","+"
"ASV_55","ASV_10",0.942857142857143,"undirected","+"
"ASV_110","ASV_10",0.942857142857143,"undirected","+"
"ASV_90","ASV_10",0.811679449913428,"undirected","+"
"ASV_129","ASV_10",0.828571428571429,"undirected","+"
"ASV_167","ASV_10",0.828571428571429,"undirected","+"
"ASV_89","ASV_10",-0.942857142857143,"undirected","-"
"ASV_184","ASV_10",0.84066800169605,"undirected","+"
"ASV_145","ASV_10",0.811679449913428,"undirected","+"
"ASV_148","ASV_10",-0.885714285714286,"undirected","-"
"ASV_67","ASV_10",0.885714285714286,"undirected","+"
"ASV_142","ASV_10",-0.828571428571429,"undirected","-"
"ASV_121","ASV_10",-0.811679449913428,"undirected","-"
"ASV_128","ASV_10",-0.985610760609162,"undirected","-"
"ASV_224","ASV_10",-0.885714285714286,"undirected","-"
"ASV_312","ASV_10",0.811679449913428,"undirected","+"
"ASV_10","ASV_32",-1,"undirected","-"
"ASV_62","ASV_32",-0.885714285714286,"undirected","-"
"ASV_60","ASV_32",-0.942857142857143,"undirected","-"
"ASV_64","ASV_32",-0.828571428571429,"undirected","-"
"ASV_43","ASV_32",0.828571428571429,"undirected","+"
"ASV_105","ASV_32",-0.885714285714286,"undirected","-"
"ASV_87","ASV_32",-0.942857142857143,"undirected","-"
"ASV_104","ASV_32",-0.885714285714286,"undirected","-"
"ASV_55","ASV_32",-0.942857142857143,"undirected","-"
"ASV_110","ASV_32",-0.942857142857143,"undirected","-"
"ASV_90","ASV_32",-0.811679449913428,"undirected","-"
"ASV_129","ASV_32",-0.828571428571429,"undirected","-"
"ASV_167","ASV_32",-0.828571428571429,"undirected","-"
"ASV_89","ASV_32",0.942857142857143,"undirected","+"
"ASV_184","ASV_32",-0.84066800169605,"undirected","-"
"ASV_145","ASV_32",-0.811679449913428,"undirected","-"
"ASV_148","ASV_32",0.885714285714286,"undirected","+"
"ASV_67","ASV_32",-0.885714285714286,"undirected","-"
"ASV_142","ASV_32",0.828571428571429,"undirected","+"
"ASV_121","ASV_32",0.811679449913428,"undirected","+"
"ASV_128","ASV_32",0.985610760609162,"undirected","+"
"ASV_224","ASV_32",0.885714285714286,"undirected","+"
"ASV_312","ASV_32",-0.811679449913428,"undirected","-"
"ASV_157","ASV_122",-0.885714285714286,"undirected","-"
"ASV_190","ASV_122",-0.828571428571429,"undirected","-"
"ASV_189","ASV_122",-0.828571428571429,"undirected","-"
"ASV_135","ASV_122",0.942857142857143,"undirected","+"
"ASV_198","ASV_122",0.828571428571429,"undirected","+"
"ASV_142","ASV_122",0.828571428571429,"undirected","+"
"ASV_160","ASV_122",0.84066800169605,"undirected","+"
"ASV_220","ASV_122",-0.942857142857143,"undirected","-"
"ASV_224","ASV_122",0.828571428571429,"undirected","+"
"ASV_179","ASV_122",-0.885714285714286,"undirected","-"
"ASV_180","ASV_122",0.927633657043918,"undirected","+"
"ASV_312","ASV_122",-0.811679449913428,"undirected","-"
"ASV_163","ASV_122",0.811679449913428,"undirected","+"
"ASV_101","ASV_66",0.828571428571429,"undirected","+"
"ASV_129","ASV_66",-0.885714285714286,"undirected","-"
"ASV_86","ASV_66",1,"undirected","+"
"ASV_151","ASV_66",0.942857142857143,"undirected","+"
"ASV_157","ASV_66",-0.828571428571429,"undirected","-"
"ASV_190","ASV_66",-0.885714285714286,"undirected","-"
"ASV_189","ASV_66",-0.885714285714286,"undirected","-"
"ASV_224","ASV_66",0.885714285714286,"undirected","+"
"ASV_282","ASV_66",-1,"undirected","-"
"ASV_179","ASV_66",-0.828571428571429,"undirected","-"
"ASV_66","ASV_86",1,"undirected","+"
"ASV_151","ASV_86",0.942857142857143,"undirected","+"
"ASV_157","ASV_86",-0.828571428571429,"undirected","-"
"ASV_190","ASV_86",-0.885714285714286,"undirected","-"
"ASV_189","ASV_86",-0.885714285714286,"undirected","-"
"ASV_224","ASV_86",0.885714285714286,"undirected","+"
"ASV_282","ASV_86",-1,"undirected","-"
"ASV_179","ASV_86",-0.828571428571429,"undirected","-"
"ASV_93","ASV_184",0.84066800169605,"undirected","+"
"ASV_148","ASV_184",-0.811679449913428,"undirected","-"
"ASV_142","ASV_184",-0.84066800169605,"undirected","-"
"ASV_111","ASV_184",-0.811679449913428,"undirected","-"
"ASV_224","ASV_184",-0.811679449913428,"undirected","-"
"ASV_253","ASV_184",0.811679449913428,"undirected","+"
"ASV_66","ASV_282",-1,"undirected","-"
"ASV_86","ASV_282",-1,"undirected","-"
"ASV_179","ASV_282",0.828571428571429,"undirected","+"
"ASV_44","ASV_19",-0.942857142857143,"undirected","-"
"ASV_54","ASV_19",0.828571428571429,"undirected","+"
"ASV_62","ASV_19",-0.885714285714286,"undirected","-"
"ASV_48","ASV_19",-0.942857142857143,"undirected","-"
"ASV_88","ASV_19",0.885714285714286,"undirected","+"
"ASV_96","ASV_19",-0.942857142857143,"undirected","-"
"ASV_43","ASV_19",0.828571428571429,"undirected","+"
"ASV_76","ASV_19",-0.942857142857143,"undirected","-"
"ASV_66","ASV_19",0.828571428571429,"undirected","+"
"ASV_90","ASV_19",-0.898645105261295,"undirected","-"
"ASV_101","ASV_19",0.885714285714286,"undirected","+"
"ASV_129","ASV_19",-0.828571428571429,"undirected","-"
"ASV_130","ASV_19",0.828571428571429,"undirected","+"
"ASV_86","ASV_19",0.828571428571429,"undirected","+"
"ASV_122","ASV_19",0.885714285714286,"undirected","+"
"ASV_157","ASV_19",-1,"undirected","-"
"ASV_142","ASV_19",0.828571428571429,"undirected","+"
"ASV_160","ASV_19",0.811679449913428,"undirected","+"
"ASV_224","ASV_19",0.885714285714286,"undirected","+"
"ASV_282","ASV_19",-0.828571428571429,"undirected","-"
"ASV_179","ASV_19",-1,"undirected","-"
"ASV_312","ASV_19",-0.811679449913428,"undirected","-"
"ASV_19","ASV_157",-1,"undirected","-"
"ASV_142","ASV_157",-0.828571428571429,"undirected","-"
"ASV_160","ASV_157",-0.811679449913428,"undirected","-"
"ASV_224","ASV_157",-0.885714285714286,"undirected","-"
"ASV_282","ASV_157",0.828571428571429,"undirected","+"
"ASV_179","ASV_157",1,"undirected","+"
"ASV_312","ASV_157",0.811679449913428,"undirected","+"
"ASV_19","ASV_179",-1,"undirected","-"
"ASV_157","ASV_179",1,"undirected","+"
"ASV_312","ASV_179",0.811679449913428,"undirected","+"
"ASV_19","ASV_24",-0.885714285714286,"undirected","-"
"ASV_12","ASV_24",0.885714285714286,"undirected","+"
"ASV_22","ASV_24",0.942857142857143,"undirected","+"
"ASV_54","ASV_24",-0.828571428571429,"undirected","-"
"ASV_62","ASV_24",0.828571428571429,"undirected","+"
"ASV_48","ASV_24",0.942857142857143,"undirected","+"
"ASV_64","ASV_24",0.885714285714286,"undirected","+"
"ASV_96","ASV_24",0.942857142857143,"undirected","+"
"ASV_43","ASV_24",-0.885714285714286,"undirected","-"
"ASV_81","ASV_24",0.942857142857143,"undirected","+"
"ASV_76","ASV_24",0.942857142857143,"undirected","+"
"ASV_132","ASV_24",0.885714285714286,"undirected","+"
"ASV_66","ASV_24",-0.828571428571429,"undirected","-"
"ASV_101","ASV_24",-1,"undirected","-"
"ASV_129","ASV_24",0.885714285714286,"undirected","+"
"ASV_86","ASV_24",-0.828571428571429,"undirected","-"
"ASV_157","ASV_24",0.885714285714286,"undirected","+"
"ASV_184","ASV_24",0.898645105261295,"undirected","+"
"ASV_93","ASV_24",0.942857142857143,"undirected","+"
"ASV_224","ASV_24",-0.828571428571429,"undirected","-"
"ASV_282","ASV_24",0.828571428571429,"undirected","+"
"ASV_179","ASV_24",0.885714285714286,"undirected","+"
"ASV_24","ASV_101",-1,"undirected","-"
"ASV_129","ASV_101",-0.885714285714286,"undirected","-"
"ASV_86","ASV_101",0.828571428571429,"undirected","+"
"ASV_157","ASV_101",-0.885714285714286,"undirected","-"
"ASV_184","ASV_101",-0.898645105261295,"undirected","-"
"ASV_93","ASV_101",-0.942857142857143,"undirected","-"
"ASV_224","ASV_101",0.828571428571429,"undirected","+"
"ASV_282","ASV_101",-0.828571428571429,"undirected","-"
"ASV_179","ASV_101",-0.885714285714286,"undirected","-"
"ASV_93","ASV_151",-0.828571428571429,"undirected","-"
"ASV_224","ASV_151",0.828571428571429,"undirected","+"
"ASV_282","ASV_151",-0.942857142857143,"undirected","-"
"ASV_35","ASV_22",0.828571428571429,"undirected","+"
"ASV_48","ASV_22",0.885714285714286,"undirected","+"
"ASV_64","ASV_22",0.942857142857143,"undirected","+"
"ASV_96","ASV_22",0.885714285714286,"undirected","+"
"ASV_43","ASV_22",-0.942857142857143,"undirected","-"
"ASV_87","ASV_22",0.828571428571429,"undirected","+"
"ASV_55","ASV_22",0.828571428571429,"undirected","+"
"ASV_81","ASV_22",0.885714285714286,"undirected","+"
"ASV_76","ASV_22",0.885714285714286,"undirected","+"
"ASV_132","ASV_22",0.942857142857143,"undirected","+"
"ASV_134","ASV_22",0.84066800169605,"undirected","+"
"ASV_137","ASV_22",0.828571428571429,"undirected","+"
"ASV_118","ASV_22",-0.828571428571429,"undirected","-"
"ASV_101","ASV_22",-0.942857142857143,"undirected","-"
"ASV_129","ASV_22",0.942857142857143,"undirected","+"
"ASV_151","ASV_22",-0.828571428571429,"undirected","-"
"ASV_184","ASV_22",0.84066800169605,"undirected","+"
"ASV_93","ASV_22",1,"undirected","+"
"ASV_742","ASV_22",0.828571428571429,"undirected","+"
"ASV_71","ASV_88",-0.942857142857143,"undirected","-"
"ASV_84","ASV_88",0.828571428571429,"undirected","+"
"ASV_104","ASV_88",-0.828571428571429,"undirected","-"
"ASV_114","ASV_88",-0.942857142857143,"undirected","-"
"ASV_90","ASV_88",-0.927633657043918,"undirected","-"
"ASV_130","ASV_88",0.942857142857143,"undirected","+"
"ASV_122","ASV_88",0.885714285714286,"undirected","+"
"ASV_157","ASV_88",-0.885714285714286,"undirected","-"
"ASV_155","ASV_88",0.828571428571429,"undirected","+"
"ASV_67","ASV_88",-0.828571428571429,"undirected","-"
"ASV_142","ASV_88",0.885714285714286,"undirected","+"
"ASV_160","ASV_88",0.84066800169605,"undirected","+"
"ASV_224","ASV_88",0.828571428571429,"undirected","+"
"ASV_179","ASV_88",-0.885714285714286,"undirected","-"
"ASV_312","ASV_88",-0.927633657043918,"undirected","-"
"ASV_74","ASV_71",0.885714285714286,"undirected","+"
"ASV_87","ASV_71",0.828571428571429,"undirected","+"
"ASV_104","ASV_71",0.942857142857143,"undirected","+"
"ASV_55","ASV_71",0.828571428571429,"undirected","+"
"ASV_114","ASV_71",0.885714285714286,"undirected","+"
"ASV_72","ASV_71",-0.811679449913428,"undirected","-"
"ASV_110","ASV_71",0.885714285714286,"undirected","+"
"ASV_137","ASV_71",0.828571428571429,"undirected","+"
"ASV_118","ASV_71",-0.828571428571429,"undirected","-"
"ASV_90","ASV_71",0.811679449913428,"undirected","+"
"ASV_130","ASV_71",-0.828571428571429,"undirected","-"
"ASV_40","ASV_71",0.811679449913428,"undirected","+"
"ASV_67","ASV_71",0.942857142857143,"undirected","+"
"ASV_237","ASV_71",-0.885714285714286,"undirected","-"
"ASV_128","ASV_71",-0.84066800169605,"undirected","-"
"ASV_312","ASV_71",0.84066800169605,"undirected","+"
"ASV_89","ASV_110",-0.828571428571429,"undirected","-"
"ASV_40","ASV_110",0.927633657043918,"undirected","+"
"ASV_145","ASV_110",0.898645105261295,"undirected","+"
"ASV_67","ASV_110",0.942857142857143,"undirected","+"
"ASV_121","ASV_110",-0.898645105261295,"undirected","-"
"ASV_237","ASV_110",-0.828571428571429,"undirected","-"
"ASV_128","ASV_110",-0.985610760609162,"undirected","-"
"ASV_312","ASV_110",0.811679449913428,"undirected","+"
"ASV_22","ASV_93",1,"undirected","+"
"ASV_742","ASV_93",0.828571428571429,"undirected","+"
"ASV_122","ASV_130",0.942857142857143,"undirected","+"
"ASV_157","ASV_130",-0.828571428571429,"undirected","-"
"ASV_135","ASV_130",0.885714285714286,"undirected","+"
"ASV_223","ASV_130",-0.828571428571429,"undirected","-"
"ASV_160","ASV_130",0.927633657043918,"undirected","+"
"ASV_220","ASV_130",-0.828571428571429,"undirected","-"
"ASV_179","ASV_130",-0.828571428571429,"undirected","-"
"ASV_180","ASV_130",0.84066800169605,"undirected","+"
"ASV_312","ASV_130",-0.811679449913428,"undirected","-"
"ASV_32","ASV_33",0.885714285714286,"undirected","+"
"ASV_62","ASV_33",-0.828571428571429,"undirected","-"
"ASV_88","ASV_33",0.828571428571429,"undirected","+"
"ASV_71","ASV_33",-0.942857142857143,"undirected","-"
"ASV_74","ASV_33",-0.942857142857143,"undirected","-"
"ASV_43","ASV_33",0.885714285714286,"undirected","+"
"ASV_87","ASV_33",-0.942857142857143,"undirected","-"
"ASV_104","ASV_33",-1,"undirected","-"
"ASV_55","ASV_33",-0.942857142857143,"undirected","-"
"ASV_72","ASV_33",0.811679449913428,"undirected","+"
"ASV_110","ASV_33",-0.942857142857143,"undirected","-"
"ASV_129","ASV_33",-0.885714285714286,"undirected","-"
"ASV_40","ASV_33",-0.811679449913428,"undirected","-"
"ASV_67","ASV_33",-1,"undirected","-"
"ASV_237","ASV_33",0.942857142857143,"undirected","+"
"ASV_128","ASV_33",0.927633657043918,"undirected","+"
"ASV_224","ASV_33",0.828571428571429,"undirected","+"
"ASV_33","ASV_104",-1,"undirected","-"
"ASV_55","ASV_104",0.942857142857143,"undirected","+"
"ASV_72","ASV_104",-0.811679449913428,"undirected","-"
"ASV_110","ASV_104",0.942857142857143,"undirected","+"
"ASV_129","ASV_104",0.885714285714286,"undirected","+"
"ASV_40","ASV_104",0.811679449913428,"undirected","+"
"ASV_67","ASV_104",1,"undirected","+"
"ASV_237","ASV_104",-0.942857142857143,"undirected","-"
"ASV_128","ASV_104",-0.927633657043918,"undirected","-"
"ASV_224","ASV_104",-0.828571428571429,"undirected","-"
"ASV_110","ASV_114",0.828571428571429,"undirected","+"
"ASV_90","ASV_114",0.927633657043918,"undirected","+"
"ASV_130","ASV_114",-0.828571428571429,"undirected","-"
"ASV_89","ASV_114",-0.828571428571429,"undirected","-"
"ASV_147","ASV_114",-0.828571428571429,"undirected","-"
"ASV_155","ASV_114",-0.942857142857143,"undirected","-"
"ASV_223","ASV_114",0.828571428571429,"undirected","+"
"ASV_142","ASV_114",-0.942857142857143,"undirected","-"
"ASV_128","ASV_114",-0.811679449913428,"undirected","-"
"ASV_197","ASV_114",-0.828571428571429,"undirected","-"
"ASV_312","ASV_114",0.985610760609162,"undirected","+"
"ASV_33","ASV_67",-1,"undirected","-"
"ASV_104","ASV_67",1,"undirected","+"
"ASV_237","ASV_67",-0.942857142857143,"undirected","-"
"ASV_128","ASV_67",-0.927633657043918,"undirected","-"
"ASV_224","ASV_67",-0.828571428571429,"undirected","-"
"ASV_76","ASV_81",0.828571428571429,"undirected","+"
"ASV_132","ASV_81",0.828571428571429,"undirected","+"
"ASV_134","ASV_81",0.811679449913428,"undirected","+"
"ASV_101","ASV_81",-0.942857142857143,"undirected","-"
"ASV_89","ASV_81",-0.828571428571429,"undirected","-"
"ASV_184","ASV_81",0.985610760609162,"undirected","+"
"ASV_93","ASV_81",0.885714285714286,"undirected","+"
"ASV_111","ASV_81",-0.828571428571429,"undirected","-"
"ASV_43","ASV_64",-0.828571428571429,"undirected","-"
"ASV_81","ASV_64",0.942857142857143,"undirected","+"
"ASV_132","ASV_64",0.885714285714286,"undirected","+"
"ASV_134","ASV_64",0.898645105261295,"undirected","+"
"ASV_101","ASV_64",-0.885714285714286,"undirected","-"
"ASV_129","ASV_64",0.828571428571429,"undirected","+"
"ASV_184","ASV_64",0.927633657043918,"undirected","+"
"ASV_93","ASV_64",0.942857142857143,"undirected","+"
"ASV_128","ASV_64",-0.811679449913428,"undirected","-"
"ASV_145","ASV_40",0.955882352941176,"undirected","+"
"ASV_274","ASV_40",0.88235294117647,"undirected","+"
"ASV_67","ASV_40",0.811679449913428,"undirected","+"
"ASV_121","ASV_40",-0.955882352941176,"undirected","-"
"ASV_128","ASV_40",-0.867647058823529,"undirected","-"
"ASV_22","ASV_12",0.942857142857143,"undirected","+"
"ASV_59","ASV_12",0.811679449913428,"undirected","+"
"ASV_64","ASV_12",0.885714285714286,"undirected","+"
"ASV_43","ASV_12",-0.828571428571429,"undirected","-"
"ASV_81","ASV_12",0.828571428571429,"undirected","+"
"ASV_132","ASV_12",1,"undirected","+"
"ASV_134","ASV_12",0.927633657043918,"undirected","+"
"ASV_101","ASV_12",-0.885714285714286,"undirected","-"
"ASV_129","ASV_12",0.828571428571429,"undirected","+"
"ASV_93","ASV_12",0.942857142857143,"undirected","+"
"ASV_114","ASV_84",-0.942857142857143,"undirected","-"
"ASV_156","ASV_84",0.828571428571429,"undirected","+"
"ASV_90","ASV_84",-0.84066800169605,"undirected","-"
"ASV_147","ASV_84",0.885714285714286,"undirected","+"
"ASV_155","ASV_84",1,"undirected","+"
"ASV_184","ASV_84",-0.811679449913428,"undirected","-"
"ASV_142","ASV_84",0.885714285714286,"undirected","+"
"ASV_188","ASV_84",0.828571428571429,"undirected","+"
"ASV_312","ASV_84",-0.927633657043918,"undirected","-"
"ASV_87","ASV_74",0.828571428571429,"undirected","+"
"ASV_104","ASV_74",0.942857142857143,"undirected","+"
"ASV_141","ASV_74",-0.811679449913428,"undirected","-"
"ASV_55","ASV_74",0.828571428571429,"undirected","+"
"ASV_78","ASV_74",-0.828571428571429,"undirected","-"
"ASV_72","ASV_74",-0.927633657043918,"undirected","-"
"ASV_110","ASV_74",0.828571428571429,"undirected","+"
"ASV_67","ASV_74",0.942857142857143,"undirected","+"
"ASV_237","ASV_74",-1,"undirected","-"
"ASV_107","ASV_72",0.88235294117647,"undirected","+"
"ASV_40","ASV_72",-0.823529411764706,"undirected","-"
"ASV_67","ASV_72",-0.811679449913428,"undirected","-"
"ASV_237","ASV_72",0.927633657043918,"undirected","+"
"ASV_12","ASV_132",1,"undirected","+"
"ASV_134","ASV_132",0.927633657043918,"undirected","+"
"ASV_101","ASV_132",-0.885714285714286,"undirected","-"
"ASV_129","ASV_132",0.828571428571429,"undirected","+"
"ASV_93","ASV_132",0.942857142857143,"undirected","+"
"ASV_84","ASV_155",1,"undirected","+"
"ASV_184","ASV_155",-0.811679449913428,"undirected","-"
"ASV_142","ASV_155",0.885714285714286,"undirected","+"
"ASV_188","ASV_155",0.828571428571429,"undirected","+"
"ASV_312","ASV_155",-0.927633657043918,"undirected","-"
"ASV_74","ASV_237",-1,"undirected","-"
"ASV_206","ASV_134",0.88235294117647,"undirected","+"
"ASV_93","ASV_134",0.84066800169605,"undirected","+"
"ASV_232","ASV_134",0.867647058823529,"undirected","+"
"ASV_111","ASV_134",-0.84066800169605,"undirected","-"
"ASV_123","ASV_54",0.853310335187925,"undirected","+"
"ASV_101","ASV_54",0.828571428571429,"undirected","+"
"ASV_157","ASV_54",-0.828571428571429,"undirected","-"
"ASV_188","ASV_54",0.885714285714286,"undirected","+"
"ASV_257","ASV_54",0.811679449913428,"undirected","+"
"ASV_179","ASV_54",-0.828571428571429,"undirected","-"
"ASV_221","ASV_54",0.828571428571429,"undirected","+"
"ASV_179","ASV_160",-0.811679449913428,"undirected","-"
"ASV_71","ASV_35",0.828571428571429,"undirected","+"
"ASV_137","ASV_35",1,"undirected","+"
"ASV_118","ASV_35",-1,"undirected","-"
"ASV_93","ASV_35",0.828571428571429,"undirected","+"
"ASV_742","ASV_35",0.885714285714286,"undirected","+"
"ASV_35","ASV_137",1,"undirected","+"
"ASV_118","ASV_137",-1,"undirected","-"
"ASV_93","ASV_137",0.828571428571429,"undirected","+"
"ASV_742","ASV_137",0.885714285714286,"undirected","+"
"ASV_35","ASV_118",-1,"undirected","-"
"ASV_137","ASV_118",-1,"undirected","-"
"ASV_93","ASV_118",-0.828571428571429,"undirected","-"
"ASV_742","ASV_118",-0.885714285714286,"undirected","-"
"ASV_50","ASV_39",0.828571428571429,"undirected","+"
"ASV_47","ASV_39",0.828571428571429,"undirected","+"
"ASV_21","ASV_39",-0.942857142857143,"undirected","-"
"ASV_56","ASV_39",0.942857142857143,"undirected","+"
"ASV_32","ASV_39",-0.885714285714286,"undirected","-"
"ASV_62","ASV_39",0.828571428571429,"undirected","+"
"ASV_60","ASV_39",0.942857142857143,"undirected","+"
"ASV_105","ASV_39",1,"undirected","+"
"ASV_98","ASV_39",0.811679449913428,"undirected","+"
"ASV_140","ASV_39",0.942857142857143,"undirected","+"
"ASV_167","ASV_39",0.828571428571429,"undirected","+"
"ASV_89","ASV_39",-0.942857142857143,"undirected","-"
"ASV_184","ASV_39",0.811679449913428,"undirected","+"
"ASV_192","ASV_39",0.942857142857143,"undirected","+"
"ASV_148","ASV_39",-1,"undirected","-"
"ASV_143","ASV_39",0.885714285714286,"undirected","+"
"ASV_153","ASV_39",-0.828571428571429,"undirected","-"
"ASV_142","ASV_39",-0.828571428571429,"undirected","-"
"ASV_144","ASV_39",0.828571428571429,"undirected","+"
"ASV_165","ASV_39",-0.828571428571429,"undirected","-"
"ASV_128","ASV_39",-0.811679449913428,"undirected","-"
"ASV_224","ASV_39",-0.828571428571429,"undirected","-"
"ASV_178","ASV_39",-0.828571428571429,"undirected","-"
"ASV_253","ASV_39",0.828571428571429,"undirected","+"
"ASV_39","ASV_105",1,"undirected","+"
"ASV_98","ASV_105",0.811679449913428,"undirected","+"
"ASV_140","ASV_105",0.942857142857143,"undirected","+"
"ASV_167","ASV_105",0.828571428571429,"undirected","+"
"ASV_89","ASV_105",-0.942857142857143,"undirected","-"
"ASV_184","ASV_105",0.811679449913428,"undirected","+"
"ASV_192","ASV_105",0.942857142857143,"undirected","+"
"ASV_148","ASV_105",-1,"undirected","-"
"ASV_143","ASV_105",0.885714285714286,"undirected","+"
"ASV_153","ASV_105",-0.828571428571429,"undirected","-"
"ASV_142","ASV_105",-0.828571428571429,"undirected","-"
"ASV_144","ASV_105",0.828571428571429,"undirected","+"
"ASV_165","ASV_105",-0.828571428571429,"undirected","-"
"ASV_128","ASV_105",-0.811679449913428,"undirected","-"
"ASV_224","ASV_105",-0.828571428571429,"undirected","-"
"ASV_178","ASV_105",-0.828571428571429,"undirected","-"
"ASV_253","ASV_105",0.828571428571429,"undirected","+"
"ASV_39","ASV_148",-1,"undirected","-"
"ASV_105","ASV_148",-1,"undirected","-"
"ASV_143","ASV_148",-0.885714285714286,"undirected","-"
"ASV_153","ASV_148",0.828571428571429,"undirected","+"
"ASV_142","ASV_148",0.828571428571429,"undirected","+"
"ASV_144","ASV_148",-0.828571428571429,"undirected","-"
"ASV_165","ASV_148",0.828571428571429,"undirected","+"
"ASV_128","ASV_148",0.811679449913428,"undirected","+"
"ASV_224","ASV_148",0.828571428571429,"undirected","+"
"ASV_178","ASV_148",0.828571428571429,"undirected","+"
"ASV_253","ASV_148",-0.828571428571429,"undirected","-"
"ASV_8","ASV_6",-0.828571428571429,"undirected","-"
"ASV_17","ASV_6",0.885714285714286,"undirected","+"
"ASV_41","ASV_6",0.828571428571429,"undirected","+"
"ASV_25","ASV_6",-0.885714285714286,"undirected","-"
"ASV_39","ASV_6",0.885714285714286,"undirected","+"
"ASV_36","ASV_6",0.828571428571429,"undirected","+"
"ASV_30","ASV_6",0.942857142857143,"undirected","+"
"ASV_47","ASV_6",0.885714285714286,"undirected","+"
"ASV_21","ASV_6",-0.942857142857143,"undirected","-"
"ASV_34","ASV_6",-0.828571428571429,"undirected","-"
"ASV_53","ASV_6",-0.942857142857143,"undirected","-"
"ASV_83","ASV_6",0.885714285714286,"undirected","+"
"ASV_105","ASV_6",0.885714285714286,"undirected","+"
"ASV_98","ASV_6",0.927633657043918,"undirected","+"
"ASV_95","ASV_6",-0.942857142857143,"undirected","-"
"ASV_201","ASV_6",0.811679449913428,"undirected","+"
"ASV_140","ASV_6",0.942857142857143,"undirected","+"
"ASV_124","ASV_6",-0.828571428571429,"undirected","-"
"ASV_126","ASV_6",-0.88273482950475,"undirected","-"
"ASV_192","ASV_6",0.942857142857143,"undirected","+"
"ASV_148","ASV_6",-0.885714285714286,"undirected","-"
"ASV_143","ASV_6",1,"undirected","+"
"ASV_153","ASV_6",-0.885714285714286,"undirected","-"
"ASV_144","ASV_6",0.828571428571429,"undirected","+"
"ASV_244","ASV_6",-0.828571428571429,"undirected","-"
"ASV_165","ASV_6",-0.828571428571429,"undirected","-"
"ASV_178","ASV_6",-0.885714285714286,"undirected","-"
"ASV_6","ASV_143",1,"undirected","+"
"ASV_153","ASV_143",-0.885714285714286,"undirected","-"
"ASV_144","ASV_143",0.828571428571429,"undirected","+"
"ASV_244","ASV_143",-0.828571428571429,"undirected","-"
"ASV_165","ASV_143",-0.828571428571429,"undirected","-"
"ASV_178","ASV_143",-0.885714285714286,"undirected","-"
"ASV_56","ASV_21",-0.828571428571429,"undirected","-"
"ASV_60","ASV_21",-0.828571428571429,"undirected","-"
"ASV_38","ASV_21",-0.828571428571429,"undirected","-"
"ASV_53","ASV_21",0.828571428571429,"undirected","+"
"ASV_49","ASV_21",0.885714285714286,"undirected","+"
"ASV_105","ASV_21",-0.942857142857143,"undirected","-"
"ASV_98","ASV_21",-0.811679449913428,"undirected","-"
"ASV_95","ASV_21",0.885714285714286,"undirected","+"
"ASV_140","ASV_21",-0.885714285714286,"undirected","-"
"ASV_89","ASV_21",0.828571428571429,"undirected","+"
"ASV_126","ASV_21",0.88273482950475,"undirected","+"
"ASV_138","ASV_21",0.885714285714286,"undirected","+"
"ASV_192","ASV_21",-1,"undirected","-"
"ASV_148","ASV_21",0.942857142857143,"undirected","+"
"ASV_143","ASV_21",-0.942857142857143,"undirected","-"
"ASV_136","ASV_21",-0.885714285714286,"undirected","-"
"ASV_153","ASV_21",0.942857142857143,"undirected","+"
"ASV_144","ASV_21",-0.942857142857143,"undirected","-"
"ASV_165","ASV_21",0.942857142857143,"undirected","+"
"ASV_21","ASV_192",-1,"undirected","-"
"ASV_148","ASV_192",-0.942857142857143,"undirected","-"
"ASV_143","ASV_192",0.942857142857143,"undirected","+"
"ASV_136","ASV_192",0.885714285714286,"undirected","+"
"ASV_153","ASV_192",-0.942857142857143,"undirected","-"
"ASV_144","ASV_192",0.942857142857143,"undirected","+"
"ASV_165","ASV_192",-0.942857142857143,"undirected","-"
"ASV_201","ASV_95",-0.811679449913428,"undirected","-"
"ASV_140","ASV_95",-0.828571428571429,"undirected","-"
"ASV_124","ASV_95",0.942857142857143,"undirected","+"
"ASV_126","ASV_95",0.971008312455224,"undirected","+"
"ASV_138","ASV_95",0.828571428571429,"undirected","+"
"ASV_192","ASV_95",-0.885714285714286,"undirected","-"
"ASV_143","ASV_95",-0.942857142857143,"undirected","-"
"ASV_136","ASV_95",-0.828571428571429,"undirected","-"
"ASV_153","ASV_95",0.942857142857143,"undirected","+"
"ASV_244","ASV_95",0.942857142857143,"undirected","+"
"ASV_119","ASV_95",0.898645105261295,"undirected","+"
"ASV_13","ASV_14",0.828571428571429,"undirected","+"
"ASV_39","ASV_14",0.942857142857143,"undirected","+"
"ASV_21","ASV_14",-0.828571428571429,"undirected","-"
"ASV_56","ASV_14",0.885714285714286,"undirected","+"
"ASV_32","ASV_14",-0.942857142857143,"undirected","-"
"ASV_60","ASV_14",0.885714285714286,"undirected","+"
"ASV_105","ASV_14",0.942857142857143,"undirected","+"
"ASV_87","ASV_14",0.828571428571429,"undirected","+"
"ASV_55","ASV_14",0.828571428571429,"undirected","+"
"ASV_110","ASV_14",0.828571428571429,"undirected","+"
"ASV_140","ASV_14",0.885714285714286,"undirected","+"
"ASV_167","ASV_14",0.942857142857143,"undirected","+"
"ASV_89","ASV_14",-0.885714285714286,"undirected","-"
"ASV_195","ASV_14",0.828571428571429,"undirected","+"
"ASV_145","ASV_14",0.811679449913428,"undirected","+"
"ASV_192","ASV_14",0.828571428571429,"undirected","+"
"ASV_148","ASV_14",-0.942857142857143,"undirected","-"
"ASV_121","ASV_14",-0.811679449913428,"undirected","-"
"ASV_128","ASV_14",-0.898645105261295,"undirected","-"
"ASV_39","ASV_25",-0.828571428571429,"undirected","-"
"ASV_21","ASV_25",0.942857142857143,"undirected","+"
"ASV_51","ASV_25",0.885714285714286,"undirected","+"
"ASV_49","ASV_25",0.942857142857143,"undirected","+"
"ASV_105","ASV_25",-0.828571428571429,"undirected","-"
"ASV_95","ASV_25",0.942857142857143,"undirected","+"
"ASV_167","ASV_25",-0.828571428571429,"undirected","-"
"ASV_124","ASV_25",0.885714285714286,"undirected","+"
"ASV_322","ASV_25",0.828571428571429,"undirected","+"
"ASV_126","ASV_25",0.971008312455224,"undirected","+"
"ASV_138","ASV_25",0.942857142857143,"undirected","+"
"ASV_192","ASV_25",-0.942857142857143,"undirected","-"
"ASV_148","ASV_25",0.828571428571429,"undirected","+"
"ASV_143","ASV_25",-0.885714285714286,"undirected","-"
"ASV_136","ASV_25",-0.942857142857143,"undirected","-"
"ASV_153","ASV_25",1,"undirected","+"
"ASV_144","ASV_25",-0.885714285714286,"undirected","-"
"ASV_244","ASV_25",0.885714285714286,"undirected","+"
"ASV_165","ASV_25",0.885714285714286,"undirected","+"
"ASV_119","ASV_25",0.811679449913428,"undirected","+"
"ASV_89","ASV_140",-0.828571428571429,"undirected","-"
"ASV_192","ASV_140",0.885714285714286,"undirected","+"
"ASV_148","ASV_140",-0.942857142857143,"undirected","-"
"ASV_143","ASV_140",0.942857142857143,"undirected","+"
"ASV_178","ASV_140",-0.942857142857143,"undirected","-"
"ASV_25","ASV_153",1,"undirected","+"
"ASV_144","ASV_153",-0.885714285714286,"undirected","-"
"ASV_244","ASV_153",0.885714285714286,"undirected","+"
"ASV_165","ASV_153",0.885714285714286,"undirected","+"
"ASV_119","ASV_153",0.811679449913428,"undirected","+"
"ASV_95","ASV_98",-0.84066800169605,"undirected","-"
"ASV_140","ASV_98",0.927633657043918,"undirected","+"
"ASV_182","ASV_98",0.811679449913428,"undirected","+"
"ASV_192","ASV_98",0.811679449913428,"undirected","+"
"ASV_148","ASV_98",-0.811679449913428,"undirected","-"
"ASV_143","ASV_98",0.927633657043918,"undirected","+"
"ASV_178","ASV_98",-0.985610760609162,"undirected","-"
"ASV_253","ASV_98",0.811679449913428,"undirected","+"
"ASV_165","ASV_144",-1,"undirected","-"
"ASV_144","ASV_165",-1,"undirected","-"
"ASV_80","ASV_94",0.985610760609162,"undirected","+"
"ASV_175","ASV_94",0.811679449913428,"undirected","+"
"ASV_201","ASV_94",0.867647058823529,"undirected","+"
"ASV_147","ASV_94",-0.811679449913428,"undirected","-"
"ASV_138","ASV_94",-0.84066800169605,"undirected","-"
"ASV_135","ASV_94",-0.898645105261295,"undirected","-"
"ASV_223","ASV_94",0.898645105261295,"undirected","+"
"ASV_136","ASV_94",0.84066800169605,"undirected","+"
"ASV_144","ASV_94",0.927633657043918,"undirected","+"
"ASV_165","ASV_94",-0.927633657043918,"undirected","-"
"ASV_238","ASV_94",-0.811679449913428,"undirected","-"
"ASV_338","ASV_94",0.811679449913428,"undirected","+"
"ASV_180","ASV_94",-0.867647058823529,"undirected","-"
"ASV_163","ASV_94",-0.823529411764706,"undirected","-"
"ASV_124","ASV_167",-0.885714285714286,"undirected","-"
"ASV_322","ASV_167",-0.885714285714286,"undirected","-"
"ASV_126","ASV_167",-0.88273482950475,"undirected","-"
"ASV_145","ASV_167",0.898645105261295,"undirected","+"
"ASV_148","ASV_167",-0.828571428571429,"undirected","-"
"ASV_153","ASV_167",-0.828571428571429,"undirected","-"
"ASV_121","ASV_167",-0.898645105261295,"undirected","-"
"ASV_244","ASV_167",-0.885714285714286,"undirected","-"
"ASV_119","ASV_167",-0.84066800169605,"undirected","-"
"ASV_128","ASV_167",-0.811679449913428,"undirected","-"
"ASV_47","ASV_30",0.942857142857143,"undirected","+"
"ASV_21","ASV_30",-0.828571428571429,"undirected","-"
"ASV_38","ASV_30",0.828571428571429,"undirected","+"
"ASV_70","ASV_30",0.828571428571429,"undirected","+"
"ASV_53","ASV_30",-0.885714285714286,"undirected","-"
"ASV_83","ASV_30",0.942857142857143,"undirected","+"
"ASV_98","ASV_30",0.985610760609162,"undirected","+"
"ASV_95","ASV_30",-0.885714285714286,"undirected","-"
"ASV_99","ASV_30",0.828571428571429,"undirected","+"
"ASV_140","ASV_30",0.885714285714286,"undirected","+"
"ASV_187","ASV_30",0.828571428571429,"undirected","+"
"ASV_182","ASV_30",0.828571428571429,"undirected","+"
"ASV_192","ASV_30",0.828571428571429,"undirected","+"
"ASV_143","ASV_30",0.942857142857143,"undirected","+"
"ASV_178","ASV_30",-0.942857142857143,"undirected","-"
"ASV_125","ASV_201",-0.84066800169605,"undirected","-"
"ASV_162","ASV_201",-0.838235294117647,"undirected","-"
"ASV_138","ASV_201",-0.811679449913428,"undirected","-"
"ASV_143","ASV_201",0.811679449913428,"undirected","+"
"ASV_136","ASV_201",0.811679449913428,"undirected","+"
"ASV_144","ASV_201",0.811679449913428,"undirected","+"
"ASV_165","ASV_201",-0.811679449913428,"undirected","-"
"ASV_338","ASV_201",0.898645105261295,"undirected","+"
"ASV_163","ASV_201",-0.838235294117647,"undirected","-"
"ASV_53","ASV_34",0.942857142857143,"undirected","+"
"ASV_83","ASV_34",-0.885714285714286,"undirected","-"
"ASV_97","ASV_34",-0.828571428571429,"undirected","-"
"ASV_175","ASV_34",-0.942857142857143,"undirected","-"
"ASV_113","ASV_34",0.811679449913428,"undirected","+"
"ASV_201","ASV_34",-0.84066800169605,"undirected","-"
"ASV_125","ASV_34",0.828571428571429,"undirected","+"
"ASV_182","ASV_34",-0.942857142857143,"undirected","-"
"ASV_190","ASV_34",-0.828571428571429,"undirected","-"
"ASV_189","ASV_34",-0.828571428571429,"undirected","-"
"ASV_143","ASV_34",-0.828571428571429,"undirected","-"
"ASV_338","ASV_34",-0.942857142857143,"undirected","-"
"ASV_163","ASV_34",0.898645105261295,"undirected","+"
"ASV_83","ASV_53",-0.942857142857143,"undirected","-"
"ASV_98","ASV_53",-0.84066800169605,"undirected","-"
"ASV_175","ASV_53",-0.885714285714286,"undirected","-"
"ASV_95","ASV_53",0.885714285714286,"undirected","+"
"ASV_201","ASV_53",-0.927633657043918,"undirected","-"
"ASV_140","ASV_53",-0.828571428571429,"undirected","-"
"ASV_182","ASV_53",-0.885714285714286,"undirected","-"
"ASV_192","ASV_53",-0.828571428571429,"undirected","-"
"ASV_143","ASV_53",-0.942857142857143,"undirected","-"
"ASV_338","ASV_53",-0.885714285714286,"undirected","-"
"ASV_163","ASV_53",0.811679449913428,"undirected","+"
"ASV_40","ASV_322",-0.811679449913428,"undirected","-"
"ASV_126","ASV_322",0.853310335187925,"undirected","+"
"ASV_149","ASV_322",-0.828571428571429,"undirected","-"
"ASV_145","ASV_322",-0.898645105261295,"undirected","-"
"ASV_274","ASV_322",-0.811679449913428,"undirected","-"
"ASV_153","ASV_322",0.828571428571429,"undirected","+"
"ASV_121","ASV_322",0.898645105261295,"undirected","+"
"ASV_244","ASV_322",0.828571428571429,"undirected","+"
"ASV_119","ASV_322",0.811679449913428,"undirected","+"
"ASV_183","ASV_322",0.828571428571429,"undirected","+"
"ASV_317","ASV_322",0.828571428571429,"undirected","+"
"ASV_170","ASV_322",0.853310335187925,"undirected","+"
"ASV_138","ASV_126",0.853310335187925,"undirected","+"
"ASV_192","ASV_126",-0.88273482950475,"undirected","-"
"ASV_143","ASV_126",-0.88273482950475,"undirected","-"
"ASV_136","ASV_126",-0.853310335187925,"undirected","-"
"ASV_153","ASV_126",0.971008312455224,"undirected","+"
"ASV_244","ASV_126",0.971008312455224,"undirected","+"
"ASV_119","ASV_126",0.925476222741125,"undirected","+"
"ASV_11","ASV_8",-0.942857142857143,"undirected","-"
"ASV_25","ASV_8",0.885714285714286,"undirected","+"
"ASV_51","ASV_8",0.828571428571429,"undirected","+"
"ASV_61","ASV_8",-0.853310335187925,"undirected","-"
"ASV_103","ASV_8",-0.828571428571429,"undirected","-"
"ASV_95","ASV_8",0.942857142857143,"undirected","+"
"ASV_167","ASV_8",-0.885714285714286,"undirected","-"
"ASV_124","ASV_8",1,"undirected","+"
"ASV_322","ASV_8",0.828571428571429,"undirected","+"
"ASV_126","ASV_8",0.971008312455224,"undirected","+"
"ASV_143","ASV_8",-0.828571428571429,"undirected","-"
"ASV_153","ASV_8",0.885714285714286,"undirected","+"
"ASV_244","ASV_8",1,"undirected","+"
"ASV_119","ASV_8",0.985610760609162,"undirected","+"
"ASV_257","ASV_8",-0.811679449913428,"undirected","-"
"ASV_317","ASV_8",0.828571428571429,"undirected","+"
"ASV_50","ASV_41",0.885714285714286,"undirected","+"
"ASV_36","ASV_41",1,"undirected","+"
"ASV_30","ASV_41",0.942857142857143,"undirected","+"
"ASV_47","ASV_41",0.885714285714286,"undirected","+"
"ASV_45","ASV_41",-0.828571428571429,"undirected","-"
"ASV_38","ASV_41",0.942857142857143,"undirected","+"
"ASV_70","ASV_41",0.942857142857143,"undirected","+"
"ASV_83","ASV_41",0.828571428571429,"undirected","+"
"ASV_98","ASV_41",0.927633657043918,"undirected","+"
"ASV_103","ASV_41",0.828571428571429,"undirected","+"
"ASV_99","ASV_41",0.942857142857143,"undirected","+"
"ASV_187","ASV_41",0.942857142857143,"undirected","+"
"ASV_143","ASV_41",0.828571428571429,"undirected","+"
"ASV_178","ASV_41",-0.885714285714286,"undirected","-"
"ASV_253","ASV_41",0.885714285714286,"undirected","+"
"ASV_41","ASV_36",1,"undirected","+"
"ASV_30","ASV_36",0.942857142857143,"undirected","+"
"ASV_47","ASV_36",0.885714285714286,"undirected","+"
"ASV_45","ASV_36",-0.828571428571429,"undirected","-"
"ASV_38","ASV_36",0.942857142857143,"undirected","+"
"ASV_70","ASV_36",0.942857142857143,"undirected","+"
"ASV_83","ASV_36",0.828571428571429,"undirected","+"
"ASV_98","ASV_36",0.927633657043918,"undirected","+"
"ASV_103","ASV_36",0.828571428571429,"undirected","+"
"ASV_99","ASV_36",0.942857142857143,"undirected","+"
"ASV_187","ASV_36",0.942857142857143,"undirected","+"
"ASV_143","ASV_36",0.828571428571429,"undirected","+"
"ASV_178","ASV_36",-0.885714285714286,"undirected","-"
"ASV_253","ASV_36",0.885714285714286,"undirected","+"
"ASV_83","ASV_47",0.828571428571429,"undirected","+"
"ASV_105","ASV_47",0.828571428571429,"undirected","+"
"ASV_98","ASV_47",0.985610760609162,"undirected","+"
"ASV_140","ASV_47",0.942857142857143,"undirected","+"
"ASV_150","ASV_47",0.853310335187925,"undirected","+"
"ASV_148","ASV_47",-0.828571428571429,"undirected","-"
"ASV_143","ASV_47",0.885714285714286,"undirected","+"
"ASV_178","ASV_47",-1,"undirected","-"
"ASV_253","ASV_47",0.828571428571429,"undirected","+"
"ASV_21","ASV_27",0.84066800169605,"undirected","+"
"ASV_49","ASV_27",0.84066800169605,"undirected","+"
"ASV_84","ASV_27",0.811679449913428,"undirected","+"
"ASV_100","ASV_27",-0.811679449913428,"undirected","-"
"ASV_94","ASV_27",-0.823529411764706,"undirected","-"
"ASV_80","ASV_27",-0.811679449913428,"undirected","-"
"ASV_156","ASV_27",0.84066800169605,"undirected","+"
"ASV_147","ASV_27",0.985610760609162,"undirected","+"
"ASV_155","ASV_27",0.811679449913428,"undirected","+"
"ASV_138","ASV_27",0.84066800169605,"undirected","+"
"ASV_192","ASV_27",-0.84066800169605,"undirected","-"
"ASV_136","ASV_27",-0.84066800169605,"undirected","-"
"ASV_142","ASV_27",0.84066800169605,"undirected","+"
"ASV_144","ASV_27",-0.927633657043918,"undirected","-"
"ASV_165","ASV_27",0.927633657043918,"undirected","+"
"ASV_238","ASV_27",0.811679449913428,"undirected","+"
"ASV_70","ASV_38",0.885714285714286,"undirected","+"
"ASV_98","ASV_38",0.811679449913428,"undirected","+"
"ASV_99","ASV_38",0.885714285714286,"undirected","+"
"ASV_187","ASV_38",0.885714285714286,"undirected","+"
"ASV_185","ASV_38",0.828571428571429,"undirected","+"
"ASV_195","ASV_38",0.828571428571429,"undirected","+"
"ASV_211","ASV_38",0.828571428571429,"undirected","+"
"ASV_192","ASV_38",0.828571428571429,"undirected","+"
"ASV_111","ASV_38",-0.828571428571429,"undirected","-"
"ASV_307","ASV_38",-0.819688599970537,"undirected","-"
"ASV_253","ASV_38",0.942857142857143,"undirected","+"
"ASV_8","ASV_124",1,"undirected","+"
"ASV_322","ASV_124",0.828571428571429,"undirected","+"
"ASV_126","ASV_124",0.971008312455224,"undirected","+"
"ASV_143","ASV_124",-0.828571428571429,"undirected","-"
"ASV_153","ASV_124",0.885714285714286,"undirected","+"
"ASV_244","ASV_124",1,"undirected","+"
"ASV_119","ASV_124",0.985610760609162,"undirected","+"
"ASV_257","ASV_124",-0.811679449913428,"undirected","-"
"ASV_317","ASV_124",0.828571428571429,"undirected","+"
"ASV_8","ASV_244",1,"undirected","+"
"ASV_124","ASV_244",1,"undirected","+"
"ASV_119","ASV_244",0.985610760609162,"undirected","+"
"ASV_257","ASV_244",-0.811679449913428,"undirected","-"
"ASV_317","ASV_244",0.828571428571429,"undirected","+"
"ASV_47","ASV_178",-1,"undirected","-"
"ASV_253","ASV_178",-0.828571428571429,"undirected","-"
"ASV_94","ASV_49",-0.84066800169605,"undirected","-"
"ASV_95","ASV_49",0.828571428571429,"undirected","+"
"ASV_201","ASV_49",-0.811679449913428,"undirected","-"
"ASV_126","ASV_49",0.853310335187925,"undirected","+"
"ASV_138","ASV_49",1,"undirected","+"
"ASV_192","ASV_49",-0.885714285714286,"undirected","-"
"ASV_136","ASV_49",-1,"undirected","-"
"ASV_153","ASV_49",0.942857142857143,"undirected","+"
"ASV_144","ASV_49",-0.942857142857143,"undirected","-"
"ASV_165","ASV_49",0.942857142857143,"undirected","+"
"ASV_197","ASV_49",0.828571428571429,"undirected","+"
"ASV_170","ASV_49",0.853310335187925,"undirected","+"
"ASV_49","ASV_138",1,"undirected","+"
"ASV_192","ASV_138",-0.885714285714286,"undirected","-"
"ASV_136","ASV_138",-1,"undirected","-"
"ASV_153","ASV_138",0.942857142857143,"undirected","+"
"ASV_144","ASV_138",-0.942857142857143,"undirected","-"
"ASV_165","ASV_138",0.942857142857143,"undirected","+"
"ASV_197","ASV_138",0.828571428571429,"undirected","+"
"ASV_170","ASV_138",0.853310335187925,"undirected","+"
"ASV_49","ASV_136",-1,"undirected","-"
"ASV_138","ASV_136",-1,"undirected","-"
"ASV_153","ASV_136",-0.942857142857143,"undirected","-"
"ASV_144","ASV_136",0.942857142857143,"undirected","+"
"ASV_165","ASV_136",-0.942857142857143,"undirected","-"
"ASV_197","ASV_136",-0.828571428571429,"undirected","-"
"ASV_170","ASV_136",-0.853310335187925,"undirected","-"
"ASV_41","ASV_17",0.828571428571429,"undirected","+"
"ASV_36","ASV_17",0.828571428571429,"undirected","+"
"ASV_30","ASV_17",0.942857142857143,"undirected","+"
"ASV_47","ASV_17",0.828571428571429,"undirected","+"
"ASV_45","ASV_17",-0.828571428571429,"undirected","-"
"ASV_34","ASV_17",-0.885714285714286,"undirected","-"
"ASV_53","ASV_17",-0.942857142857143,"undirected","-"
"ASV_83","ASV_17",1,"undirected","+"
"ASV_98","ASV_17",0.898645105261295,"undirected","+"
"ASV_95","ASV_17",-0.828571428571429,"undirected","-"
"ASV_201","ASV_17",0.811679449913428,"undirected","+"
"ASV_182","ASV_17",0.942857142857143,"undirected","+"
"ASV_143","ASV_17",0.885714285714286,"undirected","+"
"ASV_178","ASV_17",-0.828571428571429,"undirected","-"
"ASV_17","ASV_83",1,"undirected","+"
"ASV_98","ASV_83",0.898645105261295,"undirected","+"
"ASV_95","ASV_83",-0.828571428571429,"undirected","-"
"ASV_201","ASV_83",0.811679449913428,"undirected","+"
"ASV_182","ASV_83",0.942857142857143,"undirected","+"
"ASV_143","ASV_83",0.885714285714286,"undirected","+"
"ASV_178","ASV_83",-0.828571428571429,"undirected","-"
"ASV_257","ASV_119",-0.88235294117647,"undirected","-"
"ASV_317","ASV_119",0.898645105261295,"undirected","+"
"ASV_221","ASV_119",-0.84066800169605,"undirected","-"
"ASV_155","ASV_147",0.885714285714286,"undirected","+"
"ASV_142","ASV_147",0.885714285714286,"undirected","+"
"ASV_144","ASV_147",-0.885714285714286,"undirected","-"
"ASV_165","ASV_147",0.885714285714286,"undirected","+"
"ASV_238","ASV_147",0.828571428571429,"undirected","+"
"ASV_312","ASV_147",-0.869656553478673,"undirected","-"
"ASV_36","ASV_50",0.885714285714286,"undirected","+"
"ASV_47","ASV_50",0.828571428571429,"undirected","+"
"ASV_38","ASV_50",0.942857142857143,"undirected","+"
"ASV_105","ASV_50",0.828571428571429,"undirected","+"
"ASV_98","ASV_50",0.811679449913428,"undirected","+"
"ASV_195","ASV_50",0.942857142857143,"undirected","+"
"ASV_184","ASV_50",0.811679449913428,"undirected","+"
"ASV_148","ASV_50",-0.828571428571429,"undirected","-"
"ASV_111","ASV_50",-0.942857142857143,"undirected","-"
"ASV_178","ASV_50",-0.828571428571429,"undirected","-"
"ASV_253","ASV_50",1,"undirected","+"
"ASV_103","ASV_51",-0.828571428571429,"undirected","-"
"ASV_167","ASV_51",-0.885714285714286,"undirected","-"
"ASV_124","ASV_51",0.828571428571429,"undirected","+"
"ASV_218","ASV_51",-0.828571428571429,"undirected","-"
"ASV_322","ASV_51",0.885714285714286,"undirected","+"
"ASV_126","ASV_51",0.88273482950475,"undirected","+"
"ASV_211","ASV_51",-0.942857142857143,"undirected","-"
"ASV_153","ASV_51",0.885714285714286,"undirected","+"
"ASV_244","ASV_51",0.828571428571429,"undirected","+"
"ASV_183","ASV_51",0.828571428571429,"undirected","+"
"ASV_307","ASV_51",0.819688599970537,"undirected","+"
"ASV_150","ASV_182",0.853310335187925,"undirected","+"
"ASV_328","ASV_182",0.811679449913428,"undirected","+"
"ASV_338","ASV_182",0.828571428571429,"undirected","+"
"ASV_50","ASV_253",1,"undirected","+"
"ASV_70","ASV_45",-0.942857142857143,"undirected","-"
"ASV_83","ASV_45",-0.828571428571429,"undirected","-"
"ASV_141","ASV_45",-0.927633657043918,"undirected","-"
"ASV_72","ASV_45",-0.811679449913428,"undirected","-"
"ASV_107","ASV_45",-0.84066800169605,"undirected","-"
"ASV_99","ASV_45",-0.942857142857143,"undirected","-"
"ASV_187","ASV_45",-0.942857142857143,"undirected","-"
"ASV_2250","ASV_45",-0.828571428571429,"undirected","-"
"ASV_100","ASV_52",-0.84066800169605,"undirected","-"
"ASV_94","ASV_52",-0.88235294117647,"undirected","-"
"ASV_120","ASV_52",0.811679449913428,"undirected","+"
"ASV_80","ASV_52",-0.84066800169605,"undirected","-"
"ASV_144","ASV_52",-0.811679449913428,"undirected","-"
"ASV_165","ASV_52",0.811679449913428,"undirected","+"
"ASV_238","ASV_52",0.927633657043918,"undirected","+"
"ASV_2250","ASV_52",-0.898645105261295,"undirected","-"
"ASV_141","ASV_70",0.811679449913428,"undirected","+"
"ASV_107","ASV_70",0.898645105261295,"undirected","+"
"ASV_99","ASV_70",1,"undirected","+"
"ASV_187","ASV_70",1,"undirected","+"
"ASV_185","ASV_70",0.885714285714286,"undirected","+"
"ASV_70","ASV_99",1,"undirected","+"
"ASV_187","ASV_99",1,"undirected","+"
"ASV_185","ASV_99",0.885714285714286,"undirected","+"
"ASV_70","ASV_187",1,"undirected","+"
"ASV_99","ASV_187",1,"undirected","+"
"ASV_185","ASV_187",0.885714285714286,"undirected","+"
"ASV_124","ASV_103",-0.828571428571429,"undirected","-"
"ASV_218","ASV_103",0.885714285714286,"undirected","+"
"ASV_211","ASV_103",0.942857142857143,"undirected","+"
"ASV_244","ASV_103",-0.828571428571429,"undirected","-"
"ASV_307","ASV_103",-0.880406274042429,"undirected","-"
"ASV_152","ASV_238",0.84066800169605,"undirected","+"
"ASV_2250","ASV_238",-0.828571428571429,"undirected","-"
"ASV_14","ASV_11",0.885714285714286,"undirected","+"
"ASV_13","ASV_11",0.828571428571429,"undirected","+"
"ASV_95","ASV_11",-0.828571428571429,"undirected","-"
"ASV_140","ASV_11",0.828571428571429,"undirected","+"
"ASV_167","ASV_11",0.942857142857143,"undirected","+"
"ASV_124","ASV_11",-0.942857142857143,"undirected","-"
"ASV_126","ASV_11",-0.88273482950475,"undirected","-"
"ASV_244","ASV_11",-0.942857142857143,"undirected","-"
"ASV_119","ASV_11",-0.927633657043918,"undirected","-"
"ASV_38","ASV_73",0.828571428571429,"undirected","+"
"ASV_70","ASV_73",0.885714285714286,"undirected","+"
"ASV_107","ASV_73",0.927633657043918,"undirected","+"
"ASV_99","ASV_73",0.885714285714286,"undirected","+"
"ASV_133","ASV_73",0.811679449913428,"undirected","+"
"ASV_187","ASV_73",0.885714285714286,"undirected","+"
"ASV_185","ASV_73",1,"undirected","+"
"ASV_111","ASV_73",-0.828571428571429,"undirected","-"
"ASV_99","ASV_107",0.898645105261295,"undirected","+"
"ASV_187","ASV_107",0.898645105261295,"undirected","+"
"ASV_185","ASV_107",0.927633657043918,"undirected","+"
"ASV_176","ASV_107",0.811679449913428,"undirected","+"
"ASV_73","ASV_185",1,"undirected","+"
"ASV_111","ASV_185",-0.828571428571429,"undirected","-"
"ASV_211","ASV_218",0.942857142857143,"undirected","+"
"ASV_160","ASV_218",0.84066800169605,"undirected","+"
"ASV_183","ASV_218",-0.828571428571429,"undirected","-"
"ASV_307","ASV_218",-0.94112394811432,"undirected","-"
"ASV_253","ASV_111",-0.942857142857143,"undirected","-"
"ASV_31","ASV_69",0.828571428571429,"undirected","+"
"ASV_73","ASV_69",0.828571428571429,"undirected","+"
"ASV_46","ASV_69",0.828571428571429,"undirected","+"
"ASV_37","ASV_69",-0.828571428571429,"undirected","-"
"ASV_107","ASV_69",0.84066800169605,"undirected","+"
"ASV_133","ASV_69",0.985610760609162,"undirected","+"
"ASV_185","ASV_69",0.828571428571429,"undirected","+"
"ASV_198","ASV_69",0.828571428571429,"undirected","+"
"ASV_307","ASV_69",-0.819688599970537,"undirected","-"
"ASV_72","ASV_141",0.88235294117647,"undirected","+"
"ASV_99","ASV_141",0.811679449913428,"undirected","+"
"ASV_187","ASV_141",0.811679449913428,"undirected","+"
"ASV_237","ASV_141",0.811679449913428,"undirected","+"
"ASV_2250","ASV_141",0.927633657043918,"undirected","+"
"ASV_27","ASV_23",0.84066800169605,"undirected","+"
"ASV_52","ASV_23",0.84066800169605,"undirected","+"
"ASV_49","ASV_23",0.828571428571429,"undirected","+"
"ASV_68","ASV_23",0.942857142857143,"undirected","+"
"ASV_138","ASV_23",0.828571428571429,"undirected","+"
"ASV_136","ASV_23",-0.828571428571429,"undirected","-"
"ASV_2250","ASV_23",-0.828571428571429,"undirected","-"
"ASV_73","ASV_31",0.885714285714286,"undirected","+"
"ASV_107","ASV_31",0.869656553478673,"undirected","+"
"ASV_75","ASV_31",-0.828571428571429,"undirected","-"
"ASV_206","ASV_31",0.927633657043918,"undirected","+"
"ASV_185","ASV_31",0.885714285714286,"undirected","+"
"ASV_232","ASV_31",0.927633657043918,"undirected","+"
"ASV_111","ASV_31",-0.828571428571429,"undirected","-"
"ASV_45","ASV_42",0.942857142857143,"undirected","+"
"ASV_52","ASV_42",0.811679449913428,"undirected","+"
"ASV_70","ASV_42",-0.828571428571429,"undirected","-"
"ASV_141","ASV_42",-0.985610760609162,"undirected","-"
"ASV_72","ASV_42",-0.811679449913428,"undirected","-"
"ASV_99","ASV_42",-0.828571428571429,"undirected","-"
"ASV_187","ASV_42",-0.828571428571429,"undirected","-"
"ASV_2250","ASV_42",-0.942857142857143,"undirected","-"
"ASV_147","ASV_156",0.885714285714286,"undirected","+"
"ASV_155","ASV_156",0.828571428571429,"undirected","+"
"ASV_188","ASV_156",0.828571428571429,"undirected","+"
"ASV_238","ASV_156",0.885714285714286,"undirected","+"
"ASV_152","ASV_156",0.811679449913428,"undirected","+"
"ASV_185","ASV_133",0.811679449913428,"undirected","+"
"ASV_198","ASV_133",0.811679449913428,"undirected","+"
"ASV_307","ASV_133",-0.893259600268861,"undirected","-"
"ASV_211","ASV_195",0.828571428571429,"undirected","+"
"ASV_111","ASV_195",-0.885714285714286,"undirected","-"
"ASV_253","ASV_195",0.942857142857143,"undirected","+"
"ASV_307","ASV_211",-0.94112394811432,"undirected","-"
"ASV_170","ASV_197",0.971008312455224,"undirected","+"
"ASV_23","ASV_15",0.942857142857143,"undirected","+"
"ASV_52","ASV_15",0.927633657043918,"undirected","+"
"ASV_68","ASV_15",0.885714285714286,"undirected","+"
"ASV_120","ASV_15",0.885714285714286,"undirected","+"
"ASV_238","ASV_15",0.828571428571429,"undirected","+"
"ASV_2250","ASV_15",-0.885714285714286,"undirected","-"
"ASV_103","ASV_85",0.828571428571429,"undirected","+"
"ASV_130","ASV_85",0.828571428571429,"undirected","+"
"ASV_127","ASV_85",0.828571428571429,"undirected","+"
"ASV_218","ASV_85",0.828571428571429,"undirected","+"
"ASV_160","ASV_85",0.927633657043918,"undirected","+"
"ASV_152","ASV_85",0.811679449913428,"undirected","+"
"ASV_197","ASV_274",-0.898645105261295,"undirected","-"
"ASV_170","ASV_274",-0.940403258591788,"undirected","-"
"ASV_103","ASV_65",0.828571428571429,"undirected","+"
"ASV_218","ASV_65",0.942857142857143,"undirected","+"
"ASV_195","ASV_65",0.828571428571429,"undirected","+"
"ASV_211","ASV_65",0.885714285714286,"undirected","+"
"ASV_307","ASV_65",-0.819688599970537,"undirected","-"
"ASV_120","ASV_68",0.828571428571429,"undirected","+"
"ASV_156","ASV_68",0.828571428571429,"undirected","+"
"ASV_251","ASV_176",0.942857142857143,"undirected","+"
"ASV_274","ASV_176",-0.811679449913428,"undirected","-"
"ASV_274","ASV_251",-0.898645105261295,"undirected","-"
"ASV_18","ASV_1",0.942857142857143,"undirected","+"
"ASV_28","ASV_1",0.942857142857143,"undirected","+"
"ASV_29","ASV_1",-0.885714285714286,"undirected","-"
"ASV_20","ASV_1",1,"undirected","+"
"ASV_166","ASV_1",-0.898645105261295,"undirected","-"
"ASV_63","ASV_1",-0.828571428571429,"undirected","-"
"ASV_48","ASV_1",-0.828571428571429,"undirected","-"
"ASV_57","ASV_1",-0.885714285714286,"undirected","-"
"ASV_37","ASV_1",-0.828571428571429,"undirected","-"
"ASV_96","ASV_1",-0.828571428571429,"undirected","-"
"ASV_97","ASV_1",-0.942857142857143,"undirected","-"
"ASV_76","ASV_1",-0.828571428571429,"undirected","-"
"ASV_92","ASV_1",0.885714285714286,"undirected","+"
"ASV_66","ASV_1",0.942857142857143,"undirected","+"
"ASV_115","ASV_1",0.885714285714286,"undirected","+"
"ASV_108","ASV_1",-0.885714285714286,"undirected","-"
"ASV_127","ASV_1",0.828571428571429,"undirected","+"
"ASV_86","ASV_1",0.942857142857143,"undirected","+"
"ASV_151","ASV_1",0.828571428571429,"undirected","+"
"ASV_154","ASV_1",0.811679449913428,"undirected","+"
"ASV_190","ASV_1",-0.942857142857143,"undirected","-"
"ASV_189","ASV_1",-0.942857142857143,"undirected","-"
"ASV_198","ASV_1",0.828571428571429,"undirected","+"
"ASV_158","ASV_1",0.885714285714286,"undirected","+"
"ASV_328","ASV_1",-0.811679449913428,"undirected","-"
"ASV_220","ASV_1",-0.885714285714286,"undirected","-"
"ASV_282","ASV_1",-0.942857142857143,"undirected","-"
"ASV_28","ASV_18",0.885714285714286,"undirected","+"
"ASV_29","ASV_18",-0.942857142857143,"undirected","-"
"ASV_20","ASV_18",0.942857142857143,"undirected","+"
"ASV_166","ASV_18",-0.84066800169605,"undirected","-"
"ASV_62","ASV_18",-0.828571428571429,"undirected","-"
"ASV_63","ASV_18",-0.942857142857143,"undirected","-"
"ASV_34","ASV_18",0.828571428571429,"undirected","+"
"ASV_46","ASV_18",0.828571428571429,"undirected","+"
"ASV_57","ASV_18",-0.942857142857143,"undirected","-"
"ASV_37","ASV_18",-0.885714285714286,"undirected","-"
"ASV_97","ASV_18",-1,"undirected","-"
"ASV_92","ASV_18",0.828571428571429,"undirected","+"
"ASV_66","ASV_18",0.885714285714286,"undirected","+"
"ASV_115","ASV_18",0.942857142857143,"undirected","+"
"ASV_108","ASV_18",-0.942857142857143,"undirected","-"
"ASV_86","ASV_18",0.885714285714286,"undirected","+"
"ASV_122","ASV_18",0.828571428571429,"undirected","+"
"ASV_190","ASV_18",-1,"undirected","-"
"ASV_189","ASV_18",-1,"undirected","-"
"ASV_198","ASV_18",0.885714285714286,"undirected","+"
"ASV_158","ASV_18",0.942857142857143,"undirected","+"
"ASV_220","ASV_18",-0.942857142857143,"undirected","-"
"ASV_224","ASV_18",0.828571428571429,"undirected","+"
"ASV_282","ASV_18",-0.885714285714286,"undirected","-"
"ASV_163","ASV_18",0.811679449913428,"undirected","+"
"ASV_1","ASV_20",1,"undirected","+"
"ASV_166","ASV_20",-0.898645105261295,"undirected","-"
"ASV_63","ASV_20",-0.828571428571429,"undirected","-"
"ASV_48","ASV_20",-0.828571428571429,"undirected","-"
"ASV_57","ASV_20",-0.885714285714286,"undirected","-"
"ASV_37","ASV_20",-0.828571428571429,"undirected","-"
"ASV_96","ASV_20",-0.828571428571429,"undirected","-"
"ASV_97","ASV_20",-0.942857142857143,"undirected","-"
"ASV_76","ASV_20",-0.828571428571429,"undirected","-"
"ASV_92","ASV_20",0.885714285714286,"undirected","+"
"ASV_66","ASV_20",0.942857142857143,"undirected","+"
"ASV_115","ASV_20",0.885714285714286,"undirected","+"
"ASV_108","ASV_20",-0.885714285714286,"undirected","-"
"ASV_127","ASV_20",0.828571428571429,"undirected","+"
"ASV_86","ASV_20",0.942857142857143,"undirected","+"
"ASV_151","ASV_20",0.828571428571429,"undirected","+"
"ASV_154","ASV_20",0.811679449913428,"undirected","+"
"ASV_190","ASV_20",-0.942857142857143,"undirected","-"
"ASV_189","ASV_20",-0.942857142857143,"undirected","-"
"ASV_198","ASV_20",0.828571428571429,"undirected","+"
"ASV_158","ASV_20",0.885714285714286,"undirected","+"
"ASV_328","ASV_20",-0.811679449913428,"undirected","-"
"ASV_220","ASV_20",-0.885714285714286,"undirected","-"
"ASV_282","ASV_20",-0.942857142857143,"undirected","-"
"ASV_18","ASV_97",-1,"undirected","-"
"ASV_92","ASV_97",-0.828571428571429,"undirected","-"
"ASV_66","ASV_97",-0.885714285714286,"undirected","-"
"ASV_115","ASV_97",-0.942857142857143,"undirected","-"
"ASV_108","ASV_97",0.942857142857143,"undirected","+"
"ASV_86","ASV_97",-0.885714285714286,"undirected","-"
"ASV_122","ASV_97",-0.828571428571429,"undirected","-"
"ASV_190","ASV_97",1,"undirected","+"
"ASV_189","ASV_97",1,"undirected","+"
"ASV_198","ASV_97",-0.885714285714286,"undirected","-"
"ASV_158","ASV_97",-0.942857142857143,"undirected","-"
"ASV_220","ASV_97",0.942857142857143,"undirected","+"
"ASV_224","ASV_97",-0.828571428571429,"undirected","-"
"ASV_282","ASV_97",0.885714285714286,"undirected","+"
"ASV_163","ASV_97",-0.811679449913428,"undirected","-"
"ASV_108","ASV_115",-1,"undirected","-"
"ASV_130","ASV_115",0.828571428571429,"undirected","+"
"ASV_127","ASV_115",0.828571428571429,"undirected","+"
"ASV_122","ASV_115",0.942857142857143,"undirected","+"
"ASV_190","ASV_115",-0.942857142857143,"undirected","-"
"ASV_189","ASV_115",-0.942857142857143,"undirected","-"
"ASV_135","ASV_115",0.885714285714286,"undirected","+"
"ASV_198","ASV_115",0.942857142857143,"undirected","+"
"ASV_158","ASV_115",0.885714285714286,"undirected","+"
"ASV_220","ASV_115",-1,"undirected","-"
"ASV_338","ASV_115",-0.828571428571429,"undirected","-"
"ASV_180","ASV_115",0.927633657043918,"undirected","+"
"ASV_163","ASV_115",0.898645105261295,"undirected","+"
"ASV_115","ASV_108",-1,"undirected","-"
"ASV_130","ASV_108",-0.828571428571429,"undirected","-"
"ASV_127","ASV_108",-0.828571428571429,"undirected","-"
"ASV_122","ASV_108",-0.942857142857143,"undirected","-"
"ASV_190","ASV_108",0.942857142857143,"undirected","+"
"ASV_189","ASV_108",0.942857142857143,"undirected","+"
"ASV_135","ASV_108",-0.885714285714286,"undirected","-"
"ASV_198","ASV_108",-0.942857142857143,"undirected","-"
"ASV_158","ASV_108",-0.885714285714286,"undirected","-"
"ASV_220","ASV_108",1,"undirected","+"
"ASV_338","ASV_108",0.828571428571429,"undirected","+"
"ASV_180","ASV_108",-0.927633657043918,"undirected","-"
"ASV_163","ASV_108",-0.898645105261295,"undirected","-"
"ASV_18","ASV_190",-1,"undirected","-"
"ASV_97","ASV_190",1,"undirected","+"
"ASV_189","ASV_190",1,"undirected","+"
"ASV_198","ASV_190",-0.885714285714286,"undirected","-"
"ASV_158","ASV_190",-0.942857142857143,"undirected","-"
"ASV_220","ASV_190",0.942857142857143,"undirected","+"
"ASV_224","ASV_190",-0.828571428571429,"undirected","-"
"ASV_282","ASV_190",0.885714285714286,"undirected","+"
"ASV_163","ASV_190",-0.811679449913428,"undirected","-"
"ASV_18","ASV_189",-1,"undirected","-"
"ASV_97","ASV_189",1,"undirected","+"
"ASV_190","ASV_189",1,"undirected","+"
"ASV_198","ASV_189",-0.885714285714286,"undirected","-"
"ASV_158","ASV_189",-0.942857142857143,"undirected","-"
"ASV_220","ASV_189",0.942857142857143,"undirected","+"
"ASV_224","ASV_189",-0.828571428571429,"undirected","-"
"ASV_282","ASV_189",0.885714285714286,"undirected","+"
"ASV_163","ASV_189",-0.811679449913428,"undirected","-"
"ASV_115","ASV_220",-1,"undirected","-"
"ASV_108","ASV_220",1,"undirected","+"
"ASV_338","ASV_220",0.828571428571429,"undirected","+"
"ASV_180","ASV_220",-0.927633657043918,"undirected","-"
"ASV_163","ASV_220",-0.898645105261295,"undirected","-"
"ASV_34","ASV_63",-0.942857142857143,"undirected","-"
"ASV_53","ASV_63",-0.828571428571429,"undirected","-"
"ASV_57","ASV_63",0.885714285714286,"undirected","+"
"ASV_97","ASV_63",0.942857142857143,"undirected","+"
"ASV_175","ASV_63",0.828571428571429,"undirected","+"
"ASV_115","ASV_63",-0.828571428571429,"undirected","-"
"ASV_108","ASV_63",0.828571428571429,"undirected","+"
"ASV_140","ASV_63",0.828571428571429,"undirected","+"
"ASV_182","ASV_63",0.885714285714286,"undirected","+"
"ASV_190","ASV_63",0.942857142857143,"undirected","+"
"ASV_189","ASV_63",0.942857142857143,"undirected","+"
"ASV_150","ASV_63",0.88273482950475,"undirected","+"
"ASV_158","ASV_63",-0.885714285714286,"undirected","-"
"ASV_328","ASV_63",0.811679449913428,"undirected","+"
"ASV_220","ASV_63",0.828571428571429,"undirected","+"
"ASV_338","ASV_63",0.828571428571429,"undirected","+"
"ASV_163","ASV_63",-0.811679449913428,"undirected","-"
"ASV_20","ASV_28",0.942857142857143,"undirected","+"
"ASV_166","ASV_28",-0.985610760609162,"undirected","-"
"ASV_46","ASV_28",0.885714285714286,"undirected","+"
"ASV_57","ASV_28",-0.942857142857143,"undirected","-"
"ASV_37","ASV_28",-0.885714285714286,"undirected","-"
"ASV_173","ASV_28",0.880406274042429,"undirected","+"
"ASV_97","ASV_28",-0.885714285714286,"undirected","-"
"ASV_92","ASV_28",0.942857142857143,"undirected","+"
"ASV_66","ASV_28",0.828571428571429,"undirected","+"
"ASV_115","ASV_28",0.828571428571429,"undirected","+"
"ASV_108","ASV_28",-0.828571428571429,"undirected","-"
"ASV_86","ASV_28",0.828571428571429,"undirected","+"
"ASV_117","ASV_28",-0.828571428571429,"undirected","-"
"ASV_190","ASV_28",-0.885714285714286,"undirected","-"
"ASV_189","ASV_28",-0.885714285714286,"undirected","-"
"ASV_198","ASV_28",0.885714285714286,"undirected","+"
"ASV_158","ASV_28",0.942857142857143,"undirected","+"
"ASV_328","ASV_28",-0.811679449913428,"undirected","-"
"ASV_220","ASV_28",-0.828571428571429,"undirected","-"
"ASV_282","ASV_28",-0.828571428571429,"undirected","-"
"ASV_115","ASV_92",0.885714285714286,"undirected","+"
"ASV_108","ASV_92",-0.885714285714286,"undirected","-"
"ASV_133","ASV_92",0.811679449913428,"undirected","+"
"ASV_127","ASV_92",0.885714285714286,"undirected","+"
"ASV_218","ASV_92",0.885714285714286,"undirected","+"
"ASV_154","ASV_92",0.84066800169605,"undirected","+"
"ASV_190","ASV_92",-0.828571428571429,"undirected","-"
"ASV_189","ASV_92",-0.828571428571429,"undirected","-"
"ASV_198","ASV_92",0.942857142857143,"undirected","+"
"ASV_158","ASV_92",0.885714285714286,"undirected","+"
"ASV_160","ASV_92",0.811679449913428,"undirected","+"
"ASV_183","ASV_92",-0.828571428571429,"undirected","-"
"ASV_220","ASV_92",-0.885714285714286,"undirected","-"
"ASV_307","ASV_92",-0.819688599970537,"undirected","-"
"ASV_37","ASV_57",0.942857142857143,"undirected","+"
"ASV_173","ASV_57",-0.880406274042429,"undirected","-"
"ASV_97","ASV_57",0.942857142857143,"undirected","+"
"ASV_78","ASV_57",-0.828571428571429,"undirected","-"
"ASV_92","ASV_57",-0.885714285714286,"undirected","-"
"ASV_115","ASV_57",-0.885714285714286,"undirected","-"
"ASV_108","ASV_57",0.885714285714286,"undirected","+"
"ASV_190","ASV_57",0.942857142857143,"undirected","+"
"ASV_189","ASV_57",0.942857142857143,"undirected","+"
"ASV_198","ASV_57",-0.942857142857143,"undirected","-"
"ASV_158","ASV_57",-1,"undirected","-"
"ASV_220","ASV_57",0.885714285714286,"undirected","+"
"ASV_97","ASV_37",0.885714285714286,"undirected","+"
"ASV_92","ASV_37",-0.942857142857143,"undirected","-"
"ASV_115","ASV_37",-0.942857142857143,"undirected","-"
"ASV_108","ASV_37",0.942857142857143,"undirected","+"
"ASV_133","ASV_37",-0.811679449913428,"undirected","-"
"ASV_122","ASV_37",-0.828571428571429,"undirected","-"
"ASV_190","ASV_37",0.885714285714286,"undirected","+"
"ASV_189","ASV_37",0.885714285714286,"undirected","+"
"ASV_198","ASV_37",-1,"undirected","-"
"ASV_158","ASV_37",-0.942857142857143,"undirected","-"
"ASV_220","ASV_37",0.942857142857143,"undirected","+"
"ASV_180","ASV_37",-0.84066800169605,"undirected","-"
"ASV_163","ASV_37",-0.84066800169605,"undirected","-"
"ASV_37","ASV_198",-1,"undirected","-"
"ASV_158","ASV_198",0.942857142857143,"undirected","+"
"ASV_220","ASV_198",-0.942857142857143,"undirected","-"
"ASV_180","ASV_198",0.84066800169605,"undirected","+"
"ASV_163","ASV_198",0.84066800169605,"undirected","+"
"ASV_57","ASV_158",-1,"undirected","-"
"ASV_220","ASV_158",-0.885714285714286,"undirected","-"
"ASV_46","ASV_166",-0.927633657043918,"undirected","-"
"ASV_57","ASV_166",0.927633657043918,"undirected","+"
"ASV_37","ASV_166",0.84066800169605,"undirected","+"
"ASV_173","ASV_166",-0.924061655450546,"undirected","-"
"ASV_97","ASV_166",0.84066800169605,"undirected","+"
"ASV_78","ASV_166",-0.84066800169605,"undirected","-"
"ASV_92","ASV_166",-0.898645105261295,"undirected","-"
"ASV_66","ASV_166",-0.811679449913428,"undirected","-"
"ASV_86","ASV_166",-0.811679449913428,"undirected","-"
"ASV_151","ASV_166",-0.811679449913428,"undirected","-"
"ASV_190","ASV_166",0.84066800169605,"undirected","+"
"ASV_189","ASV_166",0.84066800169605,"undirected","+"
"ASV_198","ASV_166",-0.84066800169605,"undirected","-"
"ASV_158","ASV_166",-0.927633657043918,"undirected","-"
"ASV_282","ASV_166",0.811679449913428,"undirected","+"
"ASV_44","ASV_9",-0.828571428571429,"undirected","-"
"ASV_100","ASV_9",-0.942857142857143,"undirected","-"
"ASV_94","ASV_9",-0.898645105261295,"undirected","-"
"ASV_80","ASV_9",-0.942857142857143,"undirected","-"
"ASV_175","ASV_9",-0.828571428571429,"undirected","-"
"ASV_115","ASV_9",0.885714285714286,"undirected","+"
"ASV_90","ASV_9",-0.811679449913428,"undirected","-"
"ASV_108","ASV_9",-0.885714285714286,"undirected","-"
"ASV_130","ASV_9",0.885714285714286,"undirected","+"
"ASV_122","ASV_9",0.942857142857143,"undirected","+"
"ASV_135","ASV_9",1,"undirected","+"
"ASV_223","ASV_9",-0.885714285714286,"undirected","-"
"ASV_220","ASV_9",-0.885714285714286,"undirected","-"
"ASV_338","ASV_9",-0.828571428571429,"undirected","-"
"ASV_180","ASV_9",0.985610760609162,"undirected","+"
"ASV_163","ASV_9",0.898645105261295,"undirected","+"
"ASV_94","ASV_100",0.985610760609162,"undirected","+"
"ASV_80","ASV_100",1,"undirected","+"
"ASV_90","ASV_100",0.811679449913428,"undirected","+"
"ASV_147","ASV_100",-0.828571428571429,"undirected","-"
"ASV_122","ASV_100",-0.828571428571429,"undirected","-"
"ASV_135","ASV_100",-0.942857142857143,"undirected","-"
"ASV_223","ASV_100",0.942857142857143,"undirected","+"
"ASV_142","ASV_100",-0.828571428571429,"undirected","-"
"ASV_144","ASV_100",0.885714285714286,"undirected","+"
"ASV_165","ASV_100",-0.885714285714286,"undirected","-"
"ASV_238","ASV_100",-0.828571428571429,"undirected","-"
"ASV_180","ASV_100",-0.898645105261295,"undirected","-"
"ASV_312","ASV_100",0.811679449913428,"undirected","+"
"ASV_163","ASV_100",-0.811679449913428,"undirected","-"
"ASV_100","ASV_80",1,"undirected","+"
"ASV_90","ASV_80",0.811679449913428,"undirected","+"
"ASV_147","ASV_80",-0.828571428571429,"undirected","-"
"ASV_122","ASV_80",-0.828571428571429,"undirected","-"
"ASV_135","ASV_80",-0.942857142857143,"undirected","-"
"ASV_223","ASV_80",0.942857142857143,"undirected","+"
"ASV_142","ASV_80",-0.828571428571429,"undirected","-"
"ASV_144","ASV_80",0.885714285714286,"undirected","+"
"ASV_165","ASV_80",-0.885714285714286,"undirected","-"
"ASV_238","ASV_80",-0.828571428571429,"undirected","-"
"ASV_180","ASV_80",-0.898645105261295,"undirected","-"
"ASV_312","ASV_80",0.811679449913428,"undirected","+"
"ASV_163","ASV_80",-0.811679449913428,"undirected","-"
"ASV_9","ASV_135",1,"undirected","+"
"ASV_223","ASV_135",-0.885714285714286,"undirected","-"
"ASV_220","ASV_135",-0.885714285714286,"undirected","-"
"ASV_338","ASV_135",-0.828571428571429,"undirected","-"
"ASV_180","ASV_135",0.985610760609162,"undirected","+"
"ASV_163","ASV_135",0.898645105261295,"undirected","+"
"ASV_163","ASV_180",0.955882352941176,"undirected","+"
"ASV_57","ASV_46",-0.942857142857143,"undirected","-"
"ASV_37","ASV_46",-0.828571428571429,"undirected","-"
"ASV_173","ASV_46",0.94112394811432,"undirected","+"
"ASV_91","ASV_46",0.885714285714286,"undirected","+"
"ASV_97","ASV_46",-0.828571428571429,"undirected","-"
"ASV_78","ASV_46",0.942857142857143,"undirected","+"
"ASV_77","ASV_46",0.88273482950475,"undirected","+"
"ASV_133","ASV_46",0.811679449913428,"undirected","+"
"ASV_190","ASV_46",-0.828571428571429,"undirected","-"
"ASV_189","ASV_46",-0.828571428571429,"undirected","-"
"ASV_198","ASV_46",0.828571428571429,"undirected","+"
"ASV_158","ASV_46",0.942857142857143,"undirected","+"
"ASV_113","ASV_175",-0.898645105261295,"undirected","-"
"ASV_115","ASV_175",-0.828571428571429,"undirected","-"
"ASV_108","ASV_175",0.828571428571429,"undirected","+"
"ASV_201","ASV_175",0.898645105261295,"undirected","+"
"ASV_125","ASV_175",-0.942857142857143,"undirected","-"
"ASV_182","ASV_175",0.828571428571429,"undirected","+"
"ASV_135","ASV_175",-0.828571428571429,"undirected","-"
"ASV_220","ASV_175",0.828571428571429,"undirected","+"
"ASV_338","ASV_175",1,"undirected","+"
"ASV_180","ASV_175",-0.898645105261295,"undirected","-"
"ASV_163","ASV_175",-0.985610760609162,"undirected","-"
"ASV_175","ASV_338",1,"undirected","+"
"ASV_180","ASV_338",-0.898645105261295,"undirected","-"
"ASV_163","ASV_338",-0.985610760609162,"undirected","-"
"ASV_77","ASV_78",0.971008312455224,"undirected","+"
"ASV_151","ASV_78",0.885714285714286,"undirected","+"
"ASV_158","ASV_78",0.828571428571429,"undirected","+"
"ASV_237","ASV_78",0.828571428571429,"undirected","+"
"ASV_29","ASV_13",0.885714285714286,"undirected","+"
"ASV_47","ASV_13",0.828571428571429,"undirected","+"
"ASV_63","ASV_13",0.828571428571429,"undirected","+"
"ASV_91","ASV_13",-0.942857142857143,"undirected","-"
"ASV_87","ASV_13",0.828571428571429,"undirected","+"
"ASV_55","ASV_13",0.828571428571429,"undirected","+"
"ASV_78","ASV_13",-0.885714285714286,"undirected","-"
"ASV_77","ASV_13",-0.971008312455224,"undirected","-"
"ASV_140","ASV_13",0.885714285714286,"undirected","+"
"ASV_151","ASV_13",-0.828571428571429,"undirected","-"
"ASV_178","ASV_13",-0.828571428571429,"undirected","-"
"ASV_68","ASV_173",-0.819688599970537,"undirected","-"
"ASV_91","ASV_173",0.880406274042429,"undirected","+"
"ASV_78","ASV_173",0.880406274042429,"undirected","+"
"ASV_77","ASV_173",0.844162289298975,"undirected","+"
"ASV_158","ASV_173",0.880406274042429,"undirected","+"
"ASV_328","ASV_173",-0.831655489905492,"undirected","-"
"ASV_218","ASV_127",0.828571428571429,"undirected","+"
"ASV_154","ASV_127",0.985610760609162,"undirected","+"
"ASV_149","ASV_127",0.828571428571429,"undirected","+"
"ASV_183","ASV_127",-0.885714285714286,"undirected","-"
"ASV_220","ASV_127",-0.828571428571429,"undirected","-"
"ASV_197","ASV_223",-0.885714285714286,"undirected","-"
"ASV_180","ASV_223",-0.811679449913428,"undirected","-"
"ASV_312","ASV_223",0.811679449913428,"undirected","+"
"ASV_9","ASV_4",-0.885714285714286,"undirected","-"
"ASV_52","ASV_4",-0.927633657043918,"undirected","-"
"ASV_100","ASV_4",0.942857142857143,"undirected","+"
"ASV_94","ASV_4",0.927633657043918,"undirected","+"
"ASV_80","ASV_4",0.942857142857143,"undirected","+"
"ASV_135","ASV_4",-0.885714285714286,"undirected","-"
"ASV_223","ASV_4",0.885714285714286,"undirected","+"
"ASV_238","ASV_4",-0.942857142857143,"undirected","-"
"ASV_180","ASV_4",-0.84066800169605,"undirected","-"
"ASV_63","ASV_26",-0.885714285714286,"undirected","-"
"ASV_34","ASV_26",0.828571428571429,"undirected","+"
"ASV_79","ASV_26",-0.811679449913428,"undirected","-"
"ASV_57","ASV_26",-0.828571428571429,"undirected","-"
"ASV_173","ASV_26",0.880406274042429,"undirected","+"
"ASV_182","ASV_26",-0.885714285714286,"undirected","-"
"ASV_150","ASV_26",-0.88273482950475,"undirected","-"
"ASV_158","ASV_26",0.828571428571429,"undirected","+"
"ASV_328","ASV_26",-0.927633657043918,"undirected","-"
"ASV_151","ASV_77",0.88273482950475,"undirected","+"
"ASV_338","ASV_125",-0.942857142857143,"undirected","-"
"ASV_180","ASV_125",0.84066800169605,"undirected","+"
"ASV_163","ASV_125",0.927633657043918,"undirected","+"
"ASV_149","ASV_154",0.898645105261295,"undirected","+"
"ASV_117","ASV_154",-0.84066800169605,"undirected","-"
"ASV_183","ASV_154",-0.927633657043918,"undirected","-"
"ASV_251","ASV_149",-0.828571428571429,"undirected","-"
"ASV_183","ASV_149",-0.828571428571429,"undirected","-"
"ASV_317","ASV_149",-0.885714285714286,"undirected","-"
"ASV_125","ASV_113",0.985610760609162,"undirected","+"
"ASV_182","ASV_113",-0.811679449913428,"undirected","-"
"ASV_338","ASV_113",-0.898645105261295,"undirected","-"
"ASV_163","ASV_113",0.867647058823529,"undirected","+"
"ASV_328","ASV_150",0.940403258591788,"undirected","+"
"ASV_178","ASV_150",-0.853310335187925,"undirected","-"
"ASV_78","ASV_91",0.942857142857143,"undirected","+"
"ASV_77","ASV_91",0.971008312455224,"undirected","+"
"ASV_328","ASV_117",0.869656553478673,"undirected","+"
"ASV_183","ASV_117",0.942857142857143,"undirected","+"
"ASV_75","ASV_61",0.853310335187925,"undirected","+"
"ASV_123","ASV_61",0.893939393939394,"undirected","+"
"ASV_124","ASV_61",-0.853310335187925,"undirected","-"
"ASV_244","ASV_61",-0.853310335187925,"undirected","-"
"ASV_119","ASV_61",-0.925476222741125,"undirected","-"
"ASV_207","ASV_61",-0.925476222741125,"undirected","-"
"ASV_257","ASV_61",0.940403258591788,"undirected","+"
"ASV_317","ASV_61",-0.971008312455224,"undirected","-"
"ASV_221","ASV_61",0.88273482950475,"undirected","+"
"ASV_317","ASV_257",-0.84066800169605,"undirected","-"
"ASV_221","ASV_257",0.985610760609162,"undirected","+"
"ASV_59","ASV_16",0.811679449913428,"undirected","+"
"ASV_53","ASV_16",0.828571428571429,"undirected","+"
"ASV_61","ASV_16",-0.853310335187925,"undirected","-"
"ASV_95","ASV_16",0.828571428571429,"undirected","+"
"ASV_201","ASV_16",-0.84066800169605,"undirected","-"
"ASV_162","ASV_16",0.898645105261295,"undirected","+"
"ASV_119","ASV_16",0.811679449913428,"undirected","+"
"ASV_207","ASV_16",0.811679449913428,"undirected","+"
"ASV_257","ASV_16",-0.927633657043918,"undirected","-"
"ASV_221","ASV_16",-0.885714285714286,"undirected","-"
"ASV_121","ASV_145",-1,"undirected","-"
"ASV_128","ASV_145",-0.867647058823529,"undirected","-"
"ASV_145","ASV_121",-1,"undirected","-"
"ASV_128","ASV_121",0.867647058823529,"undirected","+"
"ASV_167","ASV_102",0.828571428571429,"undirected","+"
"ASV_322","ASV_102",-0.885714285714286,"undirected","-"
"ASV_40","ASV_102",0.84066800169605,"undirected","+"
"ASV_149","ASV_102",0.885714285714286,"undirected","+"
"ASV_145","ASV_102",0.927633657043918,"undirected","+"
"ASV_121","ASV_102",-0.927633657043918,"undirected","-"
"ASV_317","ASV_102",-0.885714285714286,"undirected","-"
"ASV_206","ASV_75",-0.84066800169605,"undirected","-"
"ASV_123","ASV_75",0.971008312455224,"undirected","+"
"ASV_162","ASV_75",-0.898645105261295,"undirected","-"
"ASV_232","ASV_75",-0.927633657043918,"undirected","-"
"ASV_207","ASV_75",-0.985610760609162,"undirected","-"
"ASV_317","ASV_75",-0.828571428571429,"undirected","-"
"ASV_257","ASV_207",-0.838235294117647,"undirected","-"
"ASV_317","ASV_207",0.898645105261295,"undirected","+"
"ASV_257","ASV_188",0.84066800169605,"undirected","+"
"ASV_152","ASV_188",0.811679449913428,"undirected","+"
"ASV_221","ASV_188",0.885714285714286,"undirected","+"
"ASV_132","ASV_59",0.811679449913428,"undirected","+"
"ASV_134","ASV_59",0.88235294117647,"undirected","+"
"ASV_125","ASV_59",0.811679449913428,"undirected","+"
"ASV_162","ASV_59",0.911764705882353,"undirected","+"
"ASV_742","ASV_59",0.927633657043918,"undirected","+"
"ASV_232","ASV_162",0.897058823529412,"undirected","+"
"ASV_207","ASV_162",0.867647058823529,"undirected","+"
"ASV_207","ASV_232",0.897058823529412,"undirected","+"
"ASV_232","ASV_123",-0.865768079338472,"undirected","-"
"ASV_207","ASV_123",-0.985184366143778,"undirected","-"
"ASV_317","ASV_123",-0.88273482950475,"undirected","-"
"ASV_162","ASV_206",0.867647058823529,"undirected","+"
"ASV_232","ASV_206",0.970588235294118,"undirected","+"
"ASV_188","ASV_79",0.927633657043918,"undirected","+"
"ASV_257","ASV_79",0.88235294117647,"undirected","+"
"ASV_221","ASV_79",0.898645105261295,"undirected","+"
"ASV_61","ASV_116",0.850841043487808,"undirected","+"
"ASV_102","ASV_116",0.898645105261295,"undirected","+"
"ASV_317","ASV_116",-0.898645105261295,"undirected","-"
